iso3,year,life_expectancy,doctors_per_100k,household_expenditure,hospital_capacity,gov_health_expenditure,gdp_per_capita,fertility_rate,urban_population_pct,population_density
AUT,1995,17.3,315.2,15230.0,67853.0,12322.9,30207.0674314652,1.42,65.8629352596037,96.3194134755211
AUT,1996,17.3,321.59,15560.0,67173.0,12573.6,29645.9451251491,1.45,66.1109299621598,96.4495516238488
AUT,1997,17.5,328.82,15510.0,66480.0,13257.5,26571.7523626508,1.39,66.3274969714236,96.5589069316529
AUT,1998,17.7,339.89,16010.0,65373.0,14171.5,27212.4642905708,1.37,66.5106754931446,96.6649175957344
AUT,1999,17.8,339.95,16540.0,64594.0,15073.8,27078.7081612201,1.34,66.6585047330725,96.8531749878817
AUT,2000,18.1,348.48,17290.0,63674.0,15472.2,24487.2974685956,1.36,66.7690238969566,97.0863548230732
AUT,2001,18.4,359.63,17860.0,63114.0,15922.7,24430.495982841,1.33,66.8408161285718,97.4587130392632
AUT,2002,18.3,367.71,18120.0,63092.0,16986.8,26334.862215032,1.39,66.8887457136458,97.9393722733883
AUT,2003,18.3,377.14,18710.0,62806.0,17660.8,32110.1159661425,1.38,66.9263574955092,98.4176320891905
AUT,2004,18.7,387.57,19260.0,63206.0,18654.0,36614.2506533707,1.42,66.9558612872944,99.0301260300533
AUT,2005,18.9,400.94,19970.0,63248.0,19405.0,38157.37022862,1.41,66.9797950654143,99.7070891904993
AUT,2006,19.2,415.32,20750.0,63354.0,20163.2,40382.2078298575,1.41,67.0006968062814,100.201660203587
AUT,2007,19.4,423.23,21510.0,64307.0,21478.5,46622.9622913635,1.38,67.0211044863084,100.526987396995
AUT,2008,19.6,430.74,22220.0,64018.0,22694.1,51581.3982361071,1.42,67.0435560819078,100.842171594765
AUT,2009,19.6,439.74,22540.0,64069.0,23225.3,47857.4446635266,1.39,67.0705895694924,101.106677169171
AUT,2010,19.8,450.76,23120.0,64008.0,23966.6,46611.1393420232,1.44,67.1047429254747,101.350024236549
AUT,2011,20.1,456.63,23950.0,64417.0,24467.1,51116.8953522042,1.43,67.1484255415056,101.692232186137
AUT,2012,19.8,463.68,24560.0,64691.0,25306.5,48250.4059142637,1.44,67.2085909812279,102.156943771207
AUT,2013,20.0,475.24,24880.0,64825.0,25964.2,50305.3545774973,1.44,67.2981308784247,102.760821619001
AUT,2014,20.3,484.14,25210.0,64815.0,27010.7,51314.9722616322,1.46,67.4154327591781,103.567086766844
AUT,2015,19.8,494.14,25660.0,65138.0,28407.9,43915.228020857,1.49,67.5576175537383,104.734597673291
AUT,2016,20.2,503.72,26180.0,64838.0,29392.3,45061.4993920192,1.53,67.7218061923556,105.873339796413
AUT,2017,20.1,512.1,26950.0,64805.0,30431.2,47163.7425775142,1.52,67.9051196052802,106.61131846825
AUT,2018,20.1,520.56,27670.0,64285.0,31976.2,51194.0749841299,1.47,68.1046787227623,107.131858943286
AUT,2019,20.3,529.14,28340.0,63838.0,33225.0,49885.9947355204,1.46,68.3176044750522,107.609306834707
AUT,2020,19.6,531.82,26930.0,62873.0,35174.8,48716.4098900349,1.44,68.5410177924001,108.057004362579
BEL,2000,17.8,253.14,16310.0,68903.0,16092.9,23098.8865077401,1.67,82.0152520403035,337.957010516599
BEL,2001,18.1,255.8,16790.0,68104.0,16647.0,23015.0712632462,1.67,82.3356893921976,339.121418916691
BEL,2002,18.0,257.84,17170.0,67570.0,17343.7,25006.191397109,1.65,82.6509663267055,340.64500708799
BEL,2003,17.9,258.79,17610.0,67739.0,19303.1,30655.2092679024,1.67,82.9609538786731,342.074077737118
BEL,2004,18.5,260.93,18210.0,67566.0,20459.3,35429.4077933344,1.72,83.2655230829461,343.557742392774
BEL,2005,18.6,262.59,18880.0,67430.0,21084.0,36809.7013403619,1.76,83.5645449743707,345.452708271519
BEL,2006,19.0,265.72,19600.0,67009.0,21779.4,38705.1067959147,1.8,83.8578905877926,347.738700425279
BEL,2007,19.3,269.46,20380.0,66588.0,23235.8,44319.165448813,1.82,84.1454309580577,350.301651666502
BEL,2008,19.3,273.06,21310.0,66925.0,25650.4,48303.397956286,1.85,84.427037120012,353.079912966077
BEL,2009,19.5,275.66,21550.0,66422.0,27150.5,44923.3400135081,1.84,84.7025801085014,355.932252002769
BEL,2010,19.6,277.73,22440.0,66645.0,28170.7,44197.393671162,1.86,84.9719309583717,359.199090099891
BEL,2011,19.9,280.93,22990.0,66785.0,29087.4,47760.8298776546,1.81,85.2349607044689,363.902812118814
BEL,2012,19.6,284.43,23690.0,66477.0,30645.9,44874.1709182123,1.8,85.4915403816388,366.166617215574
BEL,2013,19.7,288.06,24120.0,66148.0,31443.6,46964.5946777056,1.76,85.7415410247275,367.896581281113
BEL,2014,20.3,291.15,24470.0,65590.0,32344.2,47995.7786961339,1.74,85.9848336685807,369.533412455082
BEL,2015,20.0,296.97,24860.0,65753.0,32576.3,40893.804537772,1.7,86.2212893480444,371.680875614018
BEL,2016,20.3,304.08,25490.0,65314.0,32667.5,41854.5498296444,1.68,86.4507790979645,373.567467774371
BEL,2017,20.3,306.13,26350.0,64423.0,33553.4,44035.3239358548,1.65,86.6731739531869,375.009329772855
BEL,2018,20.3,312.18,27210.0,64248.0,34764.7,47487.2100392561,1.62,86.8883449485575,374.74351490506
BEL,2019,20.6,316.33,27870.0,63962.0,35752.2,46716.6227467964,1.6,87.0961631189222,376.761985964452
BEL,2020,19.3,321.43,26470.0,63847.0,39653.1,45906.2875805246,1.55,87.2964994991269,378.38932248967
BEL,2021,20.4,324.78,28570.0,63634.0,42497.5,51658.238294958,1.6,87.4305564090635,379.949990161999
BGR,1995,14.1,436.2,1130.0,87148.0,279.7,2259.25922555221,1.23,67.8335418701172,75.9836120401338
BGR,1996,13.9,444.05,950.0,87549.0,172.6,1470.19259250682,1.23,67.6981964111328,75.5927506101419
BGR,1997,13.6,429.99,870.0,85408.0,210.3,1361.40938439884,1.09,67.6594467163086,75.1339419687246
BGR,1998,13.8,427.3,1060.0,69422.0,335.2,1820.44866449942,1.11,67.8654022216797,74.6342402603272
BGR,1999,14.2,424.07,1170.0,61535.0,643.7,1660.9089125393,1.23,68.0479965209961,74.216975503932
BGR,2000,14.1,413.04,1330.0,60552.0,553.0,1621.26210738992,1.26,68.2631454467773,73.8513242339329
BGR,2001,14.4,407.94,1570.0,56984.0,633.2,1770.90704918691,1.21,69.196711983564,72.3957516044473
BGR,2002,14.4,415.48,1730.0,51030.0,847.1,2092.98288625558,1.23,69.4859161376953,72.0327297794118
BGR,2003,14.5,422.08,1870.0,49171.0,1029.0,2719.49436859287,1.26,69.7808456420898,71.4841132665257
BGR,2004,14.9,411.24,2110.0,47709.0,1233.5,3389.68743360274,1.33,69.9193344116211,70.953107760206
BGR,2005,14.7,422.77,2400.0,49626.0,1178.6,3899.82596332878,1.37,70.0869598388672,70.4986377025037
BGR,2006,14.9,421.45,2680.0,47719.0,1040.8,4523.1465578805,1.44,70.5075225830078,69.9716652858326
BGR,2007,15.0,418.39,3220.0,48749.0,1312.8,5888.57081403932,1.49,70.6844177246094,69.4718534204953
BGR,2008,15.3,411.96,3620.0,49507.0,1644.7,7271.30338858025,1.56,70.902099609375,68.98592210662
BGR,2009,15.6,419.44,3510.0,50041.0,1480.6,6988.27316296465,1.66,71.3017349243164,68.5744565217391
BGR,2010,15.6,418.19,3680.0,48934.0,1687.9,6853.94805511171,1.57,71.5149307250977,68.1245302137067
BGR,2011,15.8,424.97,3990.0,47391.0,1714.0,7849.58061302818,1.51,72.6101653885532,67.6890935887988
BGR,2012,15.8,424.73,4270.0,48308.0,1839.3,7431.95789508871,1.5,72.7684860229492,67.2981577008106
BGR,2013,16.2,430.89,4160.0,49522.0,1899.1,7795.98092108928,1.54,72.9632821572019,65.9543570375829
BGR,2014,16.0,431.16,4340.0,51505.0,2345.5,8069.60005667684,1.62,73.0844879150391,65.1581798084009
BGR,2015,16.0,435.19,4600.0,51933.0,2429.9,7268.65445473873,1.64,73.1030578613281,64.3351602800295
BGR,2016,16.2,439.23,4830.0,51816.0,2414.3,7822.49923292968,1.67,73.1750030517578,63.5053334561533
BGR,2017,16.1,444.26,5230.0,52744.0,2547.4,8696.68930427924,1.71,73.3904571533203,62.6701179071481
BGR,2018,16.2,444.54,5660.0,53173.0,2785.9,9849.38397225174,1.73,73.600212097168,61.816488577745
BGR,2019,16.3,446.58,6240.0,53997.0,2845.5,10353.7204584127,1.79,73.7162322998047,60.9499447310243
BGR,2020,15.1,452.72,6390.0,54216.0,3599.9,10760.211975413,1.77,73.3239898681641,60.3417096536478
CYP,1995,17.2,180.52,7820.0,3298.0,155.1,15261.4169921875,2.032,68.1691720632769,93.3652597402597
CYP,2000,17.2,202.2,10680.0,3139.0,265.4,14388.3525390625,1.638,68.7726966799379,102.561363636364
CYP,2005,17.9,218.94,13990.0,2842.0,414.9,24959.26171875,1.479,68.4340674211981,112.137554112554
CYP,2006,18.4,215.8,14880.0,2856.0,457.7,26729.28125,1.509,68.2534151682801,114.114502164502
CYP,2007,18.4,237.81,16300.0,2916.0,460.0,31244.87890625,1.449,68.0604154001212,116.094588744589
CYP,2008,19.1,246.01,17910.0,2977.0,511.4,35397.296875,1.479,67.8666261318649,118.076406926407
CYP,2009,19.4,255.0,16580.0,3040.0,552.1,32236.44921875,1.475,67.6836053786548,120.061796536797
CYP,2010,19.7,269.49,17340.0,2958.0,575.5,31105.02734375,1.434,67.5229111556342,122.058008658009
CYP,2011,19.3,284.1,17300.0,2988.0,606.9,32485.798828125,1.36,67.3979892758544,124.079329004329
CYP,2012,19.2,292.75,16990.0,2990.0,580.5,28991.935546875,1.382,67.3010289148738,126.125216450216
CYP,2013,20.1,309.37,15970.0,2938.0,556.2,27764.73046875,1.304,67.2102333625375,128.127164502165
CYP,2014,20.0,323.52,15630.0,2912.0,466.0,26993.103515625,1.312,67.1230558819804,130.065043290043
CYP,2015,19.6,342.17,15670.0,2895.0,455.6,23088.44140625,1.323,67.0402477918073,131.980735930736
CYP,2016,20.4,360.48,16000.0,2918.0,474.8,24280.056640625,1.357,66.9625604106231,133.88658008658
CYP,2017,19.9,373.51,16850.0,2833.0,506.3,26247.44921875,1.323,66.8907450570326,135.744047619048
CYP,2018,20.5,398.12,17740.0,2769.0,568.9,29120.375,1.319,66.8255530496405,137.525649350649
CYP,2019,20.3,420.39,18670.0,2747.0,812.0,29227.173828125,1.33,66.7677357070518,139.250108225108
CZE,1995,14.7,290.54,2670.0,87784.0,3375.9,5865.29460556726,1.28,74.7092872936794,133.651520641905
CZE,1996,15.1,289.06,3100.0,85246.0,3869.7,6573.19643136362,1.18,74.5566488007996,133.496065743497
CZE,1997,15.2,301.09,3290.0,82835.0,3486.6,6069.38762357837,1.17,74.4028023190951,133.352284198266
CZE,1998,15.5,292.89,3530.0,81673.0,3904.7,6526.59635780951,1.16,74.2547289190302,133.225999741167
CZE,1999,15.6,297.22,3630.0,79551.0,4058.3,6377.6211077224,1.13,74.1194096710694,133.089944350977
CZE,2000,15.7,324.93,3950.0,79985.0,4545.9,6062.92152842793,1.15,74.0038256456769,132.717264138734
CZE,2001,15.8,330.73,4430.0,79354.0,5339.0,6669.07494847497,1.15,73.9131752504002,132.219554807817
CZE,2002,15.8,335.69,5220.0,79177.0,6367.4,8101.26018588111,1.17,73.8360067578753,131.96474699107
CZE,2003,15.7,337.66,5330.0,78825.0,6547.8,9852.45677945801,1.18,73.7649150201353,131.926983305293
CZE,2004,16.1,337.16,5660.0,78004.0,6928.2,11782.5546676117,1.23,73.6991647167017,131.984222107171
CZE,2005,16.3,341.61,6280.0,77309.0,7602.3,13442.4916284309,1.29,73.6375545423198,132.166916903961
CZE,2006,16.8,343.62,6920.0,76245.0,8661.8,15259.0788162004,1.34,73.578883191735,132.542459546926
CZE,2007,17.0,345.69,7500.0,75502.0,9399.7,18452.6532812196,1.45,73.5219493596925,133.318161812298
CZE,2008,17.2,346.68,8850.0,74924.0,11219.4,22774.7045076205,1.51,73.4655517409377,134.445921802175
CZE,2009,17.2,350.72,8430.0,74607.0,11648.4,19817.4215836554,1.51,73.4084890302159,135.214085965821
CZE,2010,17.4,356.65,9120.0,76413.0,12248.1,20160.4355077059,1.51,73.3495599222723,135.626181535673
CZE,2011,17.6,364.92,9590.0,74136.0,12652.1,22049.1080788682,1.43,73.2878338394746,135.90687556649
CZE,2012,17.6,370.62,9460.0,72842.0,12541.7,20014.0354015165,1.45,73.2249239592898,136.097177262722
CZE,2013,17.7,374.01,9300.0,70462.0,12096.1,20260.4954999375,1.46,73.1622186934979,136.159958559959
CZE,2014,18.1,378.22,9010.0,70270.0,11934.1,20038.4163180257,1.53,73.0995921041469,136.30337995338
CZE,2015,17.8,382.65,9460.0,70313.0,12791.9,17931.5987670768,1.57,73.0370442874355,136.589288952208
CZE,2016,18.3,388.5,9960.0,70419.0,13177.3,18753.9686718096,1.63,72.9745753395623,136.851858567543
CZE,2017,18.1,395.58,10970.0,70214.0,14356.7,20913.197632212,1.69,72.9121853567256,137.21587877218
CZE,2018,18.2,402.77,12040.0,70351.0,15807.2,23705.9329811299,1.71,72.8498744351241,137.675534257221
CZE,2019,18.4,406.62,12820.0,70225.0,17055.6,24062.7190013343,1.71,72.7876426709563,138.226810266108
CZE,2020,17.3,413.44,12420.0,69490.0,20171.4,23472.8915454417,1.74,72.7254901604208,138.575928842168
DEU,1995,17.1,300.48,16320.0,790756.0,121178.5,31747.2449398447,1.25,80.0465631829882,233.967490690347
DEU,1996,17.2,305.92,16410.0,783631.0,123130.2,30599.7891048363,1.3,80.0543573168571,234.652470709559
DEU,1997,17.5,307.95,16230.0,769294.0,118811.8,27046.9565464237,1.35,80.0628737777848,235.022979515829
DEU,1998,17.7,312.51,16490.0,762596.0,122009.5,27395.9440608051,1.36,80.0722584625357,235.078777720474
DEU,1999,17.8,316.07,17200.0,754865.0,126097.0,26965.4922773722,1.36,80.0826572678738,235.257731102069
DEU,2000,18.0,321.45,17680.0,749473.0,137019.0,23925.8559901991,1.38,80.0942160905637,235.596813297034
DEU,2001,18.2,326.62,18220.0,741933.0,142511.0,23878.3641471651,1.35,80.1070808273695,236.027300085985
DEU,2002,18.1,330.0,18440.0,731919.0,147796.0,25486.5942008748,1.34,80.1213973750556,236.451570830706
DEU,2003,18.1,333.23,18890.0,721690.0,151020.0,30711.1022511331,1.34,80.1373116303862,236.616427281328
DEU,2004,18.6,335.4,19170.0,707806.0,145920.0,34566.7359143735,1.36,80.1549694901257,236.592195429653
DEU,2005,18.7,337.29,19630.0,698303.0,149639.0,35084.4363546269,1.34,80.1745168510383,236.464680582636
DEU,2006,19.0,341.01,20190.0,683484.0,153193.0,36980.3349948954,1.33,80.1960996098884,236.225197866483
DEU,2007,19.2,345.47,20650.0,677799.0,158808.0,42350.9217211489,1.37,80.2198636634402,235.943361918146
DEU,2008,19.3,350.19,21200.0,674420.0,164901.0,46379.1647953479,1.38,80.2459549084581,235.522178240542
DEU,2009,19.3,357.03,21520.0,674830.0,174565.0,42471.8868625226,1.36,80.2745192417062,234.939637417171
DEU,2010,19.5,365.75,22090.0,674473.0,179312.0,42396.9665976293,1.39,80.305702559949,234.606908225034
DEU,2011,19.6,374.88,22790.0,672573.0,183393.0,47630.9761883572,1.39,80.3405762928198,230.304633348634
DEU,2012,19.5,382.31,23340.0,670443.0,187751.0,44718.0159214069,1.41,80.393447520218,230.750625466231
DEU,2013,19.5,391.97,23830.0,667560.0,198358.0,47206.8353514242,1.42,80.4732318400362,231.155712565925
DEU,2014,19.9,400.74,24370.0,666337.0,208744.0,48959.5991203133,1.47,80.57574023743,232.108053883634
DEU,2015,19.5,407.29,24960.0,664364.0,217303.0,41929.7549110722,1.5,80.6974371632814,234.152986871524
DEU,2016,19.8,415.27,25660.0,663941.0,225355.0,42948.9381932694,1.6,80.8347870684725,235.712929356538
DEU,2017,19.7,423.03,26430.0,661448.0,232664.0,45553.9341495339,1.57,80.9842544038853,236.588722557747
DEU,2018,19.6,430.5,27210.0,661880.0,241356.0,48916.1686612154,1.57,81.1423036204018,237.294012250272
DEU,2019,19.9,439.73,28150.0,657662.0,252983.0,47656.199739747,1.54,81.3053991689039,237.822954291766
DEU,2020,19.7,446.79,27160.0,650167.0,287452.0,47394.8734504469,1.53,81.4700055002738,238.017318755545
DNK,1997,16.5,252.7,19050.0,24538.0,10007.9,32779.879045297,1.75,85.0706527086185,132.124775
DNK,1998,16.7,260.83,19820.0,24082.0,10428.4,33346.4884298957,1.72,85.0920806648854,132.605475
DNK,1999,16.7,264.24,20460.0,23352.0,11479.7,33426.2381077405,1.73,85.0999984741211,133.044975
DNK,2000,16.9,267.87,21080.0,22927.0,11906.6,30722.0251837567,1.77,85.0999984741211,133.4904
DNK,2001,16.9,270.7,21770.0,22604.0,12758.8,30768.4775471112,1.74,85.188307882087,133.969575
DNK,2002,16.9,281.15,22660.0,23040.0,13429.2,33257.1622586509,1.72,85.3000030517578,134.398275
DNK,2003,17.2,286.04,23220.0,22281.0,13814.7,40519.0974905924,1.76,85.4199981689453,134.76435
DNK,2004,17.5,300.34,24440.0,21462.0,14593.7,46625.050098011,1.78,85.7130276911593,135.113075
DNK,2005,17.7,311.26,25540.0,20902.0,15819.1,48925.8076698784,1.8,86.0059706832865,135.4858
DNK,2006,17.8,320.61,26700.0,20613.0,16959.1,52119.1787984282,1.85,86.2501288149818,135.9318
DNK,2007,17.9,325.28,27630.0,20159.0,18773.4,58631.6566433635,1.84,86.4251464366349,136.53595
DNK,2008,18.2,338.66,28590.0,19615.0,20058.5,64616.6657583663,1.89,86.583137512207,137.340525
DNK,2009,18.2,347.29,28520.0,19296.0,21571.0,58412.7472358513,1.84,86.7617653139929,138.077375
DNK,2010,18.4,355.99,29440.0,19405.0,21876.3,58104.5445594981,1.87,86.8652420043945,138.692075
DNK,2011,18.8,363.53,29790.0,17433.0,21952.6,61809.737898222,1.75,87.1567653955846,139.2643
DNK,2013,19.1,372.21,30840.0,17241.0,23049.9,61377.5940590412,1.67,87.5436524760432,140.3733
DNK,2014,19.5,376.88,31020.0,15174.0,23783.9,62520.4509747011,1.69,87.6823985731907,141.086875
DNK,2015,19.4,384.73,31410.0,14380.0,24299.3,53094.0133607574,1.71,87.7254056577329,142.087075
DNK,2016,19.5,394.52,32100.0,14871.0,24855.6,54500.9260410217,1.79,87.6999969482422,143.20025
DNK,2017,19.6,408.04,32920.0,15037.0,25514.2,57521.5514992225,1.75,88.0161943799509,144.1245
DNK,2018,19.4,418.66,33870.0,0.0,26159.3,61324.7665045565,1.73,88.1059762310689,144.8409
DNK,2019,19.8,425.13,34430.0,15076.0,26938.5,59404.2663247723,1.7,88.2096490810669,145.36055
DNK,2020,19.8,437.66,34400.0,15089.0,29042.6,60985.4885601514,1.68,88.2394485473632,145.7851
DNK,2021,19.6,449.81,36920.0,14716.0,32253.1,69340.7334922138,1.72,88.2616449318149,146.418325
ESP,1996,18.4,233.59,8910.0,153433.0,26813.7,16100.6215831114,1.14,75.6972244638181,79.8691574563511
ESP,1997,18.5,244.82,9060.0,151345.0,26602.8,14722.3717633536,1.15,75.804258976453,80.2046071600192
ESP,1998,18.4,250.57,9500.0,150010.0,28231.6,15382.3348573373,1.13,75.9145056905294,80.5372196860484
ESP,1999,18.3,262.58,10190.0,149646.0,30498.0,15707.9473068138,1.17,76.0330694840356,80.8643180362005
ESP,2000,18.8,271.11,11020.0,148081.0,33324.0,14743.2671031455,1.22,76.1650552349602,81.2983246492986
ESP,2001,19.1,273.02,11780.0,146369.0,35370.0,15368.2337984435,1.23,76.3156889510385,81.9433763941266
ESP,2002,19.1,276.36,12330.0,146104.0,38354.0,17111.0685058941,1.25,76.4934217249538,83.0225192369349
ESP,2003,18.9,289.86,12830.0,144916.0,41512.0,21522.0170990262,1.3,76.709335590859,84.5088139260031
ESP,2004,19.5,315.08,13670.0,145877.0,46914.0,24925.0267844576,1.31,76.9549627547133,85.9848050803317
ESP,2005,19.3,329.86,14490.0,145863.0,52462.0,26450.9530130382,1.33,77.2206801920294,87.4654972049129
ESP,2006,20.0,343.0,15360.0,146241.0,56708.0,28421.686527407,1.36,77.4968648783202,88.9761493446631
ESP,2007,20.0,343.22,16160.0,146840.0,61270.0,32652.015594702,1.38,77.7738937890987,90.6149005229308
ESP,2008,20.2,347.19,16520.0,146934.0,67347.0,35603.248328071,1.45,78.0421438998777,92.1293223736969
ESP,2009,20.5,355.51,15960.0,146310.0,72993.0,32279.8208476151,1.38,78.2919921861701,92.9750651746681
ESP,2010,20.9,373.05,16180.0,144951.0,71145.0,30658.7422282912,1.37,78.5138156234888,93.1519309613808
ESP,2011,21.0,382.08,16060.0,142394.0,69312.0,31824.6219134777,1.34,78.695397956495,93.5078358806114
ESP,2012,20.9,381.15,15690.0,139895.0,64721.0,28456.4438151477,1.32,78.8455680301618,93.5068371284061
ESP,2013,21.4,378.66,15440.0,138153.0,63338.0,29228.846559842,1.27,78.9858086902112,93.169262909578
ESP,2014,21.5,376.53,15730.0,137877.0,63499.0,29707.765509467,1.32,79.1196713833488,92.8824553687451
ESP,2015,21.1,380.66,16250.0,138368.0,66484.0,25982.4416197775,1.33,79.2454892743023,92.907597351004
ESP,2016,21.6,378.8,16690.0,137867.0,67713.0,26755.6061149398,1.33,79.3615955277997,92.9973717081295
ESP,2017,21.5,384.99,17390.0,138581.0,69298.0,28381.3425596906,1.31,79.4663233085683,93.2268622784207
ESP,2018,21.6,401.04,17900.0,139061.0,72146.0,30602.4212881113,1.26,79.5580057813361,93.638281089712
ESP,2019,22.0,440.52,18230.0,138861.0,75917.0,29786.5245689007,1.23,79.6349761108307,94.3181087826492
ESP,2020,20.4,456.65,16500.0,139933.0,85545.0,27233.9426461608,1.18,79.6955674617799,94.802910688937
EST,1995,14.5,346.08,1450.0,11994.0,144.9,3134.38975345407,1.38,68.959092258676,33.8908704883227
EST,1996,14.8,336.42,1880.0,11184.0,189.4,3380.92630243199,1.37,68.4475740642067,33.3945270110875
EST,1997,15.2,342.16,2240.0,10794.0,202.5,3682.95230146695,1.32,68.0003912958243,33.0156876621845
EST,1998,14.8,313.85,2500.0,10509.0,233.3,4093.39247738765,1.28,67.6521763500664,32.7000707714083
EST,1999,15.3,317.02,2670.0,10358.0,274.9,4140.93660232167,1.3,67.43756162347,32.7965086105214
EST,2000,15.4,310.23,2860.0,9828.0,279.2,4070.60902410208,1.36,67.385529072627,32.9555319650861
EST,2001,15.5,291.59,3250.0,9160.0,303.1,4502.66614992392,1.32,67.3926456349791,32.7462845010616
EST,2002,15.6,308.65,3690.0,8248.0,342.2,5343.18310760735,1.36,67.4090870965661,32.5395140363293
EST,2003,15.6,310.0,4120.0,7857.0,373.6,7205.40703313243,1.37,67.4341760348669,32.3359282849729
EST,2004,15.9,310.99,4650.0,7690.0,412.4,8916.0728274602,1.47,67.467351453949,32.1431941495636
EST,2005,16.1,321.33,5310.0,7292.0,466.9,10414.6381183565,1.52,67.5080523578799,31.9597782495872
EST,2006,16.3,323.52,6320.0,7476.0,584.8,12641.4800976473,1.58,67.5557177507269,31.7718801604152
EST,2007,16.4,329.86,7460.0,7349.0,722.2,16745.4308011148,1.69,67.6097866365576,31.6272705826846
EST,2008,16.8,337.33,7880.0,7530.0,872.4,18205.9064113446,1.72,67.6696980194394,31.5425807973579
EST,2009,17.2,330.46,6860.0,7166.0,837.6,14712.4494217916,1.7,67.7348909034398,31.4818353385232
EST,2010,17.4,326.01,6980.0,7022.0,836.1,14663.7041018705,1.72,67.8048042926262,31.4101203113942
EST,2011,18.0,330.01,7610.0,7114.0,873.0,17555.5455239426,1.61,67.8775556334506,31.3149091766926
EST,2012,18.1,327.82,8320.0,7309.0,938.5,17568.2137969714,1.56,67.9629593320316,31.2030195800896
EST,2013,18.2,331.74,8990.0,6462.0,989.8,19310.3874900757,1.52,68.0923458296768,30.3196917414309
EST,2014,18.4,333.48,9480.0,6439.0,1063.9,20581.7898991695,1.54,68.2668382808032,30.2402806533241
EST,2015,18.6,339.06,10000.0,6342.0,1171.3,17722.1557669523,1.58,68.4796609690553,30.26011042098
EST,2016,18.7,343.29,10580.0,6166.0,1174.9,18666.3736521706,1.6,68.724038178078,30.2689210950081
EST,2017,18.7,344.88,11330.0,6068.0,1250.1,20851.5223496861,1.59,68.9931941915158,30.816
EST,2018,18.6,347.59,12330.0,5995.0,1410.3,23618.1361254581,1.67,69.2803532930133,30.9234385964912
EST,2019,19.0,346.9,13200.0,6011.0,1578.5,24021.2501413306,1.66,69.5787397662154,31.0385497076023
FIN,2004,18.9,271.53,19080.0,37117.0,10284.0,37768.1334202029,1.8,68.2766596767133,17.1646212941988
FIN,2005,19.2,279.51,19870.0,37000.0,10965.0,39049.8703780223,1.8,68.5140529517604,17.2234676122
FIN,2006,19.3,284.36,20820.0,36793.0,11530.0,41214.0187765069,1.84,68.7588279849327,17.3169839860577
FIN,2007,19.4,290.4,21870.0,35609.0,12093.0,48473.0240091455,1.83,69.0200377316963,17.3919563287185
FIN,2008,19.6,297.54,23080.0,34900.0,13014.0,53769.4726240385,1.85,69.2943672196361,17.4840375123396
FIN,2009,19.6,298.74,22980.0,33380.0,13461.0,47478.3495310999,1.86,69.546259966947,17.5678545574202
FIN,2010,19.7,308.34,23660.0,31396.0,13788.0,46506.2919016566,1.87,69.7855798796947,17.6484106614018
FIN,2011,19.9,317.08,24990.0,29751.0,14578.0,51060.3242589767,1.83,70.0583261874252,17.7309947678436
FIN,2012,19.9,321.03,25800.0,28685.0,15502.0,47551.6740841369,1.8,70.3661363168712,17.8155615518773
FIN,2013,20.1,326.1,26200.0,26499.0,15995.0,49691.0145200739,1.75,70.6742118159277,17.8978314521702
FIN,2014,20.1,334.51,26510.0,24741.0,16163.0,50073.7760815871,1.71,70.9879168940753,17.9720030274112
FIN,2015,20.2,338.84,27050.0,23854.0,15337.0,42560.3456767103,1.65,71.3054930040604,18.0301108880919
FIN,2016,20.2,340.69,27480.0,21835.0,15575.0,43451.2562442158,1.57,71.6158383428171,18.0820078312658
FIN,2017,20.4,345.8,27760.0,18072.0,15871.0,46085.0174739036,1.49,71.9563038312956,18.1238944459068
FIN,2018,20.4,348.39,28510.0,17686.0,16576.0,49654.2497035329,1.41,72.3423467740343,18.1479501184522
FIN,2019,20.6,356.58,29100.0,18241.0,17195.0,48358.1807773701,1.35,72.7431214358314,18.1673609054717
FIN,2020,20.6,360.95,28630.0,15626.0,18280.0,48828.6846862799,1.37,73.0849439791673,18.1928768835954
FRA,1997,19.0,287.38,14540.0,507996.0,88310.4,24169.4008102822,1.77,75.6252262826369,111.268329158549
FRA,1998,19.1,289.54,15090.0,500846.0,91856.1,24869.4030795939,1.78,75.8918556090764,111.681387883848
FRA,1999,19.1,290.9,15600.0,494960.0,95267.8,24576.3152254528,1.81,76.1682703613968,112.258996196308
FRA,2000,19.3,294.21,16380.0,484279.0,101711.7,22340.5939516217,1.89,76.5143983146093,113.032119862696
FRA,2001,19.4,298.91,16980.0,479025.0,107104.7,22331.7948343036,1.9,76.9074413607811,113.859127933946
FRA,2002,19.4,303.11,17510.0,475431.0,115040.4,24144.5727019529,1.88,77.2543866607525,114.6899378421
FRA,2003,19.2,306.57,18050.0,468418.0,122523.6,29479.5222101175,1.89,77.4691216035138,115.50209666945
FRA,2004,20.1,310.25,18660.0,462143.0,129308.3,33644.9282220364,1.92,77.4900500011961,116.351401799796
FRA,2005,20.1,312.54,19320.0,455175.0,137428.1,34696.3718316971,1.94,77.4363315105438,117.229527785509
FRA,2006,20.7,314.05,20080.0,451110.0,142087.6,36431.5658906555,2.0,77.3467240068648,118.048690973189
FRA,2007,20.9,314.34,20870.0,450615.0,147175.4,41486.1907828787,1.98,77.2457976606157,118.780758883013
FRA,2008,21.0,315.76,21460.0,443008.0,150664.7,45464.8181385158,2.01,77.1561901569367,119.445432785973
FRA,2009,21.2,313.15,21300.0,429674.0,157397.9,41728.0884164132,2.0,77.1005391809676,120.060183690509
FRA,2010,21.3,315.25,21860.0,416710.0,162525.6,40694.8211697025,2.03,77.0962844808803,120.653513312923
FRA,2011,21.7,295.86,22290.0,414204.0,167496.4,43929.7840873812,2.01,77.1182717387509,121.237276185175
FRA,2012,21.4,298.82,22460.0,414840.0,170536.9,40863.5814412333,2.01,77.1669464919916,121.825139623342
FRA,2013,21.6,302.01,22670.0,413206.0,174363.1,42669.1795111893,1.99,77.2440721470918,122.456502458484
FRA,2014,22.0,304.68,22870.0,410921.0,179572.2,43148.0459288416,2.0,77.3524296788613,123.039367288246
FRA,2015,21.6,307.16,23170.0,408245.0,180941.3,36702.4323733379,1.96,77.7610919150066,123.477636144355
FRA,2016,21.8,309.47,23520.0,404248.0,184631.1,37024.2157133669,1.92,78.5999114705779,123.803885332591
FRA,2017,21.8,312.11,23990.0,399865.0,190006.1,38687.1626407164,1.89,78.6467804026368,124.163688653864
FRA,2018,21.9,312.9,24490.0,395670.0,193539.3,41418.1766484844,1.87,78.6714432536599,124.609607570276
FRA,2019,22.0,316.38,24960.0,392593.0,198147.3,40408.2848574751,1.86,78.6890784549356,125.024698023935
FRA,2020,21.2,374.05,23950.0,386918.0,208023.6,39169.8606000707,1.83,78.7119131765249,125.431134613601
GRC,1995,17.5,384.16,7660.0,52227.0,5253.1,12779.081491606,1.28,72.0831868417364,81.9406749418154
GRC,1996,17.6,387.06,8270.0,52586.0,5687.6,13432.5262183244,1.26,72.1791653357157,82.3025601241272
GRC,1997,17.9,401.23,8880.0,52474.0,6201.4,13015.9175046854,1.27,72.2800514373571,82.709534522886
GRC,1998,17.9,417.29,9040.0,52495.0,6726.8,13022.9648774809,1.24,72.3911938989336,83.1691931730023
GRC,1999,18.0,430.08,9720.0,51404.0,7826.3,12742.5404388143,1.23,72.5179414727182,83.4887354538402
GRC,2000,18.0,440.59,9610.0,51500.0,8032.1,11638.2010697215,1.25,72.665642910984,83.83093871218
GRC,2001,18.4,447.05,10250.0,52276.0,9568.0,12156.9572824221,1.25,72.8460703788502,84.2678975950349
GRC,2002,18.4,469.45,10990.0,51781.0,9755.0,13782.195640943,1.28,73.0977109642516,84.5773622963538
GRC,2003,18.4,486.96,11840.0,51762.0,10696.0,18020.612039764,1.29,73.432268024093,84.7794414274632
GRC,2004,18.7,502.98,12630.0,51871.0,10913.0,21449.2552764245,1.31,73.8267602923728,84.9894569433669
GRC,2005,18.8,518.02,13490.0,52511.0,12313.0,22054.1315756886,1.34,74.2617376694311,85.2390535298681
GRC,2006,19.0,555.72,14140.0,53701.0,12846.0,24416.0232970275,1.4,74.717750055608,85.4954383242824
GRC,2007,18.9,580.04,15300.0,53888.0,13989.0,28440.7625328955,1.41,75.1753473512439,85.7135221101629
GRC,2008,19.3,589.71,16420.0,53652.0,15629.0,31695.8331092209,1.5,75.615079456679,85.9413576415826
GRC,2009,19.5,599.8,16340.0,54704.0,16184.0,29425.4573200263,1.5,76.0174962722535,86.1677036462374
GRC,2010,19.7,597.06,15650.0,49828.0,15507.0,26653.0488008626,1.48,76.3631476983077,86.278828549263
GRC,2011,19.8,598.11,14750.0,49692.0,13429.0,25504.7866510124,1.4,76.6352609929407,86.1512723041117
GRC,2012,19.6,595.25,13540.0,49100.0,11352.0,21624.346052551,1.34,76.8679797449322,85.6866640806827
GRC,2013,20.2,594.3,12840.0,46510.0,9709.0,21573.3449762805,1.29,77.0951999650171,85.067579519007
GRC,2014,20.3,595.88,12530.0,46160.0,8491.0,21474.7257123892,1.3,77.3130486275866,84.5028161365399
GRC,2015,19.9,595.51,12510.0,45945.0,8783.0,17980.7298238137,1.33,77.5194426317545,83.947889837083
GRC,2016,20.3,615.15,12530.0,45273.0,9306.0,17919.2426377048,1.38,77.7122988766348,83.5994647013189
GRC,2017,20.1,608.32,12870.0,45267.0,9685.0,18631.9930129293,1.35,77.8895342613411,83.4342823894492
GRC,2018,20.6,610.87,13190.0,45053.0,10004.0,19873.4015238771,1.35,78.0490656849874,83.2651823118697
GRC,2019,20.4,616.12,13620.0,44817.0,10546.0,19335.3602002969,1.34,78.1888100466875,83.1775174553918
HRV,2001,15.6,265.88,4530.0,26618.0,1710.6,5364.83824691607,1.46,55.6913829056559,76.9001645442839
HRV,2002,15.5,266.81,5080.0,25187.0,1773.1,6219.58164143945,1.42,55.6745468592554,76.9454499928459
HRV,2003,15.3,272.64,5320.0,24927.0,1937.9,8190.11135193887,1.41,55.6386960202113,76.8958437567007
HRV,2004,15.9,279.51,5750.0,24549.0,2234.9,9718.97322801967,1.43,55.5890878734365,76.9173039811307
HRV,2005,15.8,279.69,6270.0,24220.0,2411.7,10443.5278353294,1.5,55.5307217475444,77.0163855335573
HRV,2006,16.3,283.47,6660.0,24237.0,2602.7,11501.2099669894,1.47,55.4685969711483,77.0345043242084
HRV,2007,16.1,297.3,7260.0,24352.0,2837.9,13755.8321073292,1.48,55.4077128728613,77.0176720749053
HRV,2008,16.4,297.35,7980.0,24282.0,2857.1,15888.0606949392,1.47,55.3530687812969,77.0085233364306
HRV,2009,16.5,297.66,7500.0,23806.0,2934.3,14474.6519774194,1.5,55.3096640250682,76.927685655064
HRV,2010,16.7,310.03,7560.0,24831.0,2984.5,13729.7654965022,1.46,55.2824979327886,76.7533950396684
HRV,2011,17.0,314.71,7650.0,25487.0,2899.7,14691.558296292,1.41,55.2773793281248,76.4888499749839
HRV,2012,17.0,321.82,7630.0,25129.0,2930.0,13507.7805260991,1.52,55.3042888624873,76.1269387463369
HRV,2013,17.4,325.2,7660.0,24933.0,2881.5,14134.9474982889,1.46,55.3659479687433,75.6543849617611
HRV,2014,17.5,335.17,7500.0,25019.0,2875.0,14186.7295493276,1.46,55.4591834926844,75.0767993710242
HRV,2015,17.1,338.4,7600.0,23409.0,3107.0,12283.7840620053,1.41,55.5812594509004,74.1856371953399
HRV,2016,17.6,340.26,7930.0,22917.0,3142.3,12820.1653893008,1.43,55.7294398599808,73.3840861982703
HRV,2017,17.4,349.86,8440.0,22878.0,3392.3,13901.7878144679,1.42,55.9009887365155,72.2144056893717
HRV,2018,17.7,354.65,9020.0,22960.0,3680.3,15460.3669595491,1.47,56.093170097094,71.2739439639768
HRV,2019,17.9,362.23,9580.0,23040.0,4050.1,15563.5987295029,1.47,56.303247958306,70.5701879779859
HRV,2020,17.0,364.3,9300.0,22923.0,4423.2,14807.5608543265,1.48,56.5284863367411,69.946497498213
HUN,2000,15.1,316.43,3280.0,83271.0,2686.5,4629.91760812548,1.32,64.2602344392211,113.936297701406
HUN,2001,15.4,341.1,3810.0,80665.0,2982.8,5280.94887987063,1.31,64.646880283041,113.675251060031
HUN,2002,15.4,384.47,4660.0,80360.0,3909.6,6658.04494326809,1.3,65.0400009155273,113.352019638474
HUN,2003,15.3,394.23,5100.0,79976.0,4381.3,8410.09248198479,1.27,64.8452987670898,113.027806293238
HUN,2004,15.6,347.69,5540.0,79722.0,4637.8,10291.2694721409,1.28,65.0225372314453,112.777795135015
HUN,2005,15.5,289.22,6010.0,79834.0,5181.0,11212.2046968994,1.31,66.1261367797852,112.566287244727
HUN,2006,16.0,315.2,5960.0,80341.0,5208.1,11478.4891640501,1.34,67.0155868530273,112.391139381765
HUN,2007,16.1,290.6,6620.0,72260.0,5048.8,13934.605460375,1.32,67.0041656494141,112.217163263029
HUN,2008,16.4,319.83,6910.0,71322.0,5298.5,15762.6322515113,1.35,68.0976986078883,112.020845887736
HUN,2009,16.4,312.11,6060.0,71600.0,4939.5,13051.1831777184,1.32,68.4592590332031,110.710814094775
HUN,2010,16.5,295.72,6290.0,71818.0,4958.8,13189.8433874768,1.25,69.5305480957031,110.460874848117
HUN,2011,16.6,304.12,6410.0,71669.0,5182.1,14211.460557822,1.23,69.4779934082031,110.148315475533
HUN,2012,16.5,315.88,6400.0,69449.0,5098.5,12950.1594488143,1.34,69.5772326660156,109.580934496852
HUN,2013,16.8,327.29,6350.0,69621.0,5121.8,13739.4620151401,1.35,69.9277636266638,109.05483265216
HUN,2014,16.9,338.04,6410.0,68910.0,5092.9,14352.501883174,1.44,70.3071053512008,107.747512601359
HUN,2015,16.6,314.28,6720.0,68843.0,5804.8,12782.9412577973,1.45,70.4847717285156,107.360891957046
HUN,2016,17.0,324.89,7100.0,68713.0,5482.5,13215.8605277789,1.53,70.4733810424805,106.944499232961
HUN,2017,16.7,335.49,7820.0,68702.0,5949.3,14736.1668157258,1.54,70.4542541503906,106.582905982906
HUN,2018,16.8,341.0,8230.0,67947.0,6323.6,16605.0570511887,1.55,70.4711761474609,106.366031119877
HUN,2019,16.9,352.12,8830.0,67494.0,6641.9,17012.8598553199,1.55,70.4565277099609,106.233004602235
HUN,2020,16.0,316.53,8530.0,65886.0,8782.3,16386.9308821258,1.59,70.2917327880859,105.965581854043
IRL,2011,19.5,247.25,21850.0,12008.0,13635.7,52613.8540355689,2.03,62.0872735820277,66.4840179997097
IRL,2012,19.4,252.01,21760.0,11692.0,13458.5,49335.8408099555,1.98,62.2529318511038,66.7663376397155
IRL,2013,19.5,250.33,21830.0,11837.0,13086.6,52537.6108648692,1.93,62.4047157756118,67.1188271156917
IRL,2014,19.8,283.97,22470.0,11989.0,13149.1,57214.5379785709,1.89,62.535401730577,67.6112643344462
IRL,2015,19.8,296.86,23070.0,13730.0,13661.7,64250.1385181257,1.85,62.6392123492764,68.2531136594571
IRL,2016,19.9,307.23,23890.0,14073.0,14108.0,64129.5571542383,1.81,62.7229399123734,69.1351720133546
IRL,2017,20.2,316.98,24720.0,14279.0,14822.9,72161.4047531385,1.77,62.9035196521232,70.0746842792858
IRL,2018,20.4,323.1,26100.0,14475.0,15823.2,80804.1123164826,1.75,63.0844503476779,71.0991725939904
IRL,2019,20.8,328.87,27080.0,14213.0,16997.4,81827.6688873996,1.71,63.2737009154127,72.237712294963
IRL,2020,20.5,341.9,25240.0,14412.0,20585.2,86514.0706108754,1.63,63.4713366724915,73.1564377993903
ITA,2000,18.9,327.79,15350.0,268057.0,71943.0,20190.0035636084,1.26,67.1932283786243,192.555434569421
ITA,2001,19.2,334.01,15970.0,262861.0,79689.0,20570.4385917862,1.25,67.27519882288,192.673361107542
ITA,2002,19.1,340.17,16450.0,253411.0,84008.0,22451.3964379368,1.27,67.3538786566538,193.054951000615
ITA,2003,18.8,347.89,17000.0,239566.0,86930.0,27577.5700319855,1.29,67.4299414611787,194.101082788332
ITA,2004,19.5,356.59,17500.0,231915.0,95319.0,31348.1901841445,1.34,67.5072499739908,195.55177229658
ITA,2005,19.4,360.67,18080.0,234375.0,101690.0,32062.723833669,1.33,67.5897169318419,196.6964540542
ITA,2006,19.9,361.97,18750.0,232168.0,106836.0,33537.1286994269,1.37,67.6812550714834,197.484972169432
ITA,2007,19.9,370.77,19240.0,228286.0,107648.0,37826.1754554823,1.39,67.7857771296669,198.690127080529
ITA,2008,20.0,372.41,19530.0,223015.0,114568.0,40828.5795580937,1.44,67.9071958431441,200.22853191216
ITA,2009,20.1,374.47,19180.0,218264.0,117133.0,37099.6133958219,1.44,68.0494239486665,201.392725501999
ITA,2010,20.4,378.46,19540.0,215980.0,119119.0,35856.8625485539,1.44,68.2163741829857,202.285308976795
ITA,2011,20.5,386.98,19910.0,208854.0,116980.0,38432.3742820019,1.42,68.4015073889511,202.986767799052
ITA,2012,20.5,385.53,19640.0,203723.0,115188.0,34854.3949441965,1.42,68.7608794235259,203.542723134878
ITA,2013,20.9,392.73,19380.0,199474.0,114244.0,35701.6746002376,1.39,69.3073989916076,203.949752805037
ITA,2014,21.2,394.35,19490.0,195189.0,115261.0,36028.3494022349,1.38,69.5807638614879,203.980505075782
ITA,2015,20.6,389.69,19840.0,194065.0,115779.0,30639.8829751432,1.36,69.6100006103516,203.672434549131
ITA,2016,21.3,400.63,20130.0,192315.0,116516.0,31391.5692898108,1.36,69.5969232525286,203.285640373599
ITA,2017,20.9,403.75,20670.0,192548.0,117950.0,32844.115660604,1.34,69.5180784259382,202.903617635721
ITA,2018,21.3,401.73,21080.0,189753.0,119526.0,34904.1081923834,1.31,69.4800033569336,203.398704170865
ITA,2019,21.4,405.07,21300.0,188909.0,121075.0,33812.788724868,1.27,69.5050010681153,201.980545589195
ITA,2020,20.1,400.15,19640.0,189270.0,130297.0,32091.4866621366,1.24,69.5187492370606,200.999100491348
LTU,1995,15.3,475.43,1060.0,39703.0,209.9,2182.69156931505,1.55,67.3469740189134,57.8988832163369
LTU,1996,15.5,476.1,1380.0,38171.0,282.0,2340.67545970008,1.49,67.2663125852689,57.4603222718571
LTU,1997,15.7,477.81,1830.0,34318.0,407.5,2844.16286797492,1.47,67.1859759231267,57.0379227823867
LTU,1998,15.8,469.7,2100.0,32185.0,544.9,3180.64498555255,1.46,67.1089563241809,56.626212507977
LTU,1999,15.9,465.54,2310.0,31552.0,604.8,3127.51176667183,1.46,67.0382460801258,56.2258774728781
LTU,2000,16.1,451.32,2700.0,30912.0,617.3,3300.63634928559,1.39,66.9768374826555,55.8317804722399
LTU,2001,16.0,448.08,2980.0,28923.0,748.7,3532.52787363242,1.29,66.9286097501613,55.3736119974473
LTU,2002,15.9,453.35,3300.0,27892.0,769.4,4148.13091485015,1.23,66.8887100219727,54.9308710912572
LTU,2003,16.1,445.56,3630.0,26823.0,835.1,5507.47434187652,1.26,66.7596664428711,54.4864869176771
LTU,2004,16.2,435.5,4040.0,25551.0,751.7,6734.57487061946,1.27,66.6022567749023,53.8780312699426
LTU,2005,16.0,439.55,4700.0,24200.0,1038.0,7857.03148786492,1.29,66.5784912109375,53.0077855775367
LTU,2006,16.0,440.83,5460.0,23424.0,1100.4,9210.10118229413,1.33,66.6381530761719,52.1682992980217
LTU,2007,16.1,446.31,6520.0,23233.0,1328.4,12295.1212779366,1.36,66.7184982299805,51.5522335673261
LTU,2008,16.5,441.4,7670.0,22958.0,1619.5,14955.5345462921,1.45,66.7527770996094,51.0288153171121
LTU,2009,16.7,433.5,6830.0,22719.0,1487.9,11854.3711053096,1.5,66.7816619873047,50.4653530115676
LTU,2010,16.7,434.75,6750.0,22190.0,1508.7,11829.122609457,1.5,66.7712860107422,49.418141204627
LTU,2011,17.0,441.18,7440.0,22511.0,1622.3,14261.8433787325,1.55,66.7518340055756,48.3153301209433
LTU,2012,17.1,448.12,7940.0,22246.0,1558.8,14288.1853493139,1.6,66.8536758422852,47.6934454478731
LTU,2013,17.1,449.83,8340.0,21628.0,1583.4,15636.5252586048,1.59,67.0092086791992,47.2477064220183
LTU,2014,17.4,449.15,8730.0,21300.0,1621.5,16446.1647181663,1.57,67.1514937628023,46.8835275339186
LTU,2015,17.1,448.23,9130.0,20236.0,1759.8,14269.8039878287,1.63,67.2282485961914,46.4662250598563
LTU,2016,17.3,455.59,9680.0,19193.0,1848.9,14934.2702840428,1.63,67.1894226074219,45.9328405861882
LTU,2017,17.4,458.25,10470.0,18548.0,1936.1,16800.1510246099,1.57,67.1012954711914,45.3798470650213
LTU,2018,17.6,458.04,11250.0,18025.0,2175.8,19247.2315367967,1.53,67.1464742010457,45.0135717707169
LTU,2019,17.9,454.2,11950.0,17733.0,2473.6,19608.7943945553,1.43,67.245735168457,44.8912328329607
LTU,2020,16.7,445.81,11980.0,16802.0,2942.3,20428.6478157394,1.36,67.4254608154297,44.8797349089748
LUX,2004,18.8,180.81,30430.0,2929.0,1524.3,76544.9170868473,1.66,85.9799097226846,177.938286087179
LUX,2005,18.8,193.19,31140.0,2691.0,1648.0,80988.1376230858,1.63,86.3735649102561,180.681774041935
LUX,2006,18.8,200.69,32570.0,2671.0,1683.0,90788.8004876145,1.65,86.7738936810355,183.586849281014
LUX,2007,18.5,209.81,33610.0,2721.0,1769.3,107475.320297978,1.61,87.1831946460401,186.444147510546
LUX,2008,19.4,216.16,34870.0,2721.0,1895.3,120422.137934157,1.61,87.6037664162874,189.806794434561
LUX,2009,19.7,219.26,35270.0,2721.0,2062.4,109419.746953106,1.59,88.0379076027949,193.354334501216
LUX,2010,19.6,228.7,36570.0,2721.0,2109.8,110885.991378721,1.63,88.48791681658,196.916246513832
LUX,2011,19.8,234.57,37510.0,2736.0,2182.3,119025.057203467,1.52,88.9562814837254,201.342029008025
LUX,2012,20.0,242.71,38560.0,2736.0,2342.5,112584.676270958,1.57,89.4405768017292,206.235870823396
LUX,2013,20.6,250.53,38970.0,2810.0,2559.2,120000.140729859,1.55,89.9413746679705,211.05785290896
LUX,2014,20.7,261.12,39500.0,2811.0,2621.9,123678.702143275,1.5,90.4577807676859,216.091529874226
LUX,2015,20.5,269.75,40130.0,2810.0,2657.6,105462.012584423,1.47,90.9893679353068,221.251835336342
LUX,2016,20.9,274.15,40520.0,2804.0,2679.7,106899.293549552,1.41,91.5357090052649,226.072263698018
LUX,2017,20.2,289.95,41880.0,2780.0,2901.9,110193.213797228,1.39,92.0963768119916,231.635372078028
LVA,2002,15.1,335.58,3040.0,18174.0,367.8,4003.60935783538,1.26,67.9813450702046,37.1249296928986
LVA,2003,15.0,337.4,3110.0,18199.0,336.6,4914.57992829302,1.32,67.9493840506358,36.7678821090523
LVA,2004,15.2,343.91,3560.0,17911.0,384.6,6109.73265186817,1.29,67.9206702831277,36.3688109663008
LVA,2005,15.1,345.21,4100.0,17696.0,536.6,7283.78738127622,1.39,67.8953910570353,35.9779356228004
LVA,2006,15.3,349.95,5270.0,17407.0,734.8,9211.7374468148,1.46,67.873733661714,35.6494287045816
LVA,2007,15.3,360.21,6510.0,17233.0,914.2,13370.9789452508,1.54,67.8558853865191,35.3596509553731
LVA,2008,15.8,366.67,6990.0,16907.0,1055.4,15677.6080864506,1.58,67.8420335208058,34.9899882687579
LVA,2009,16.1,351.72,5860.0,14434.0,853.6,11996.0322729773,1.46,67.8323653539295,34.4170376203256
LVA,2010,16.1,339.43,5960.0,11920.0,728.8,11188.4191700977,1.36,67.8270681752453,33.7081170552975
LVA,2011,16.6,336.26,6400.0,12111.0,836.1,12902.574053337,1.33,67.8266897008267,33.0999244700853
LVA,2012,16.6,333.13,7060.0,11972.0,859.6,13329.3499931271,1.44,67.8331638942219,32.691902228936
LVA,2013,16.8,334.54,7590.0,11673.0,836.6,14484.4715282132,1.52,67.847334482933,32.3436289713468
LVA,2014,17.0,333.96,7790.0,11279.0,898.3,15185.814581236,1.65,67.8686035364944,32.0404647500281
LVA,2015,17.0,329.38,8060.0,11261.0,915.3,13321.9753140616,1.7,67.8965395668259,31.7792437366417
LVA,2016,17.0,327.87,8510.0,11208.0,935.4,13838.5266823272,1.74,67.9307110858472,31.4901409356067
LVA,2017,17.0,324.22,9090.0,10812.0,947.0,15132.4958333982,1.69,67.9706866054779,31.2123033409935
LVA,2018,17.1,331.62,9780.0,10587.0,1171.5,17252.1710428626,1.6,68.0160346376376,30.9700612274415
LVA,2019,17.4,326.73,10280.0,10379.0,1277.5,17294.9751600969,1.61,68.066323694246,30.755491989008
NLD,1999,17.4,217.79,16650.0,79690.0,18898.0,28318.7466538357,1.65,77.06074312186,468.367535545024
NLD,2000,17.5,225.1,17700.0,76859.0,20930.0,26225.1697734149,1.72,78.4826828427081,471.727280805687
NLD,2001,17.6,233.51,18680.0,74625.0,23000.0,26955.7128032278,1.71,80.1840578652121,475.30154028436
NLD,2002,17.6,240.65,19700.0,73814.0,25788.0,29446.5330872868,1.73,80.8085275226169,478.345053317536
NLD,2003,17.8,245.61,20250.0,73011.0,27631.0,35896.7504630706,1.75,81.3011308878582,480.607286729858
NLD,2004,18.3,249.45,20660.0,72804.0,28372.0,40611.3414353091,1.72,82.250953139759,482.280183649289
NLD,2005,18.4,255.67,21210.0,72698.0,29529.0,42165.396168388,1.71,83.5048949725161,483.408412322275
NLD,2007,19.1,264.8,23320.0,71090.0,41593.0,52100.7996285947,1.72,85.4089231499726,485.23981042654
NLD,2008,19.2,273.13,24090.0,70835.0,42396.0,58246.7026905874,1.77,85.6149582464487,487.132494075829
NLD,2009,19.4,279.55,23910.0,70657.0,46323.0,53172.0261581418,1.79,86.2223179632671,490.079691669137
NLD,2010,19.5,284.93,24400.0,69793.0,49575.0,51305.7338533973,1.79,87.3502790247129,492.599881411207
NLD,2011,19.8,302.6,24910.0,67549.0,51249.0,54701.7728030611,1.76,88.0059204972573,495.049644128114
NLD,2012,19.6,315.42,24950.0,64339.0,53071.0,50473.9442002689,1.72,88.5342462391333,496.884994068802
NLD,2013,19.8,322.19,25080.0,63080.0,53058.0,52602.2860520766,1.68,89.1749992370605,498.795844464233
NLD,2014,20.1,334.23,25360.0,60824.0,53484.0,53457.2234864322,1.71,89.8364787097165,500.593885425942
NLD,2015,19.8,342.23,25700.0,59117.0,53261.0,45793.8135434697,1.66,90.2787737214621,503.116216216216
NLD,2016,19.9,348.53,26000.0,58090.0,51395.0,46808.5291492503,1.66,90.5803239452777,505.800831600832
NLD,2017,20.0,357.19,26920.0,56136.0,53812.0,49513.6817346384,1.62,91.1219700676602,508.8
NLD,2018,20.0,366.15,28020.0,54871.0,56886.0,53955.0770024266,1.59,92.6062472401044,511.779744579745
NLD,2019,20.3,375.45,29000.0,52398.0,59868.0,53554.9007491475,1.57,93.8898028856479,515.143272943273
NLD,2020,19.5,384.71,28160.0,50777.0,66321.0,53467.9277413737,1.54,94.2532277765935,518.013068013068
POL,2003,16.2,244.86,3790.0,255168.0,8334.4,5720.81366178104,1.22,61.7281374379602,124.753689916405
POL,2004,16.5,230.27,4000.0,254601.0,8699.1,6711.72715262967,1.23,61.6555172559989,124.644083178272
POL,2005,16.7,214.89,4700.0,248860.0,10841.9,8043.92332253757,1.24,61.5497010774856,124.589315444129
POL,2006,17.0,218.88,5190.0,246851.0,12692.1,9068.85528307627,1.27,61.4199688499096,124.514452206843
POL,2007,17.0,219.94,5760.0,244877.0,14074.8,11272.5293683383,1.31,61.2756005207604,124.44685296422
POL,2008,17.2,216.99,6910.0,252375.0,18162.6,14048.5604672654,1.39,61.1258760375274,124.471952334313
POL,2009,17.3,218.08,5960.0,253815.0,15863.1,11556.3026866026,1.4,60.9800753477,124.564460624265
POL,2010,17.6,219.11,6890.0,251456.0,17999.0,12567.7317676382,1.41,60.8474783987677,124.209200731357
POL,2011,17.9,221.79,7140.0,252281.0,17755.4,13867.6669408192,1.33,60.7357090652544,124.296296901022
POL,2012,17.9,223.91,7300.0,252352.0,17946.6,13087.420943321,1.33,60.6341632788866,124.300058781268
POL,2013,18.0,224.49,7320.0,251383.0,18298.3,13621.9023794031,1.29,60.5333187465323,124.229110740995
POL,2014,18.4,230.92,7570.0,251904.0,19066.4,14262.2841914116,1.32,60.4340063344328,124.144273163722
POL,2015,18.2,232.9,7850.0,252029.0,20095.8,12637.5220324406,1.32,60.3362886805635,124.061569613639
POL,2016,18.5,241.57,7760.0,252136.0,19755.7,12464.0110508476,1.39,60.2402284228997,124.008253045495
POL,2017,18.3,237.76,8560.0,251537.0,21888.5,13913.3402919927,1.48,60.145888199417,124.0237303635
POL,2018,18.2,235.78,9110.0,248239.0,23925.0,15658.2120316794,1.46,60.0533306480907,124.031583760656
POL,2019,18.5,330.17,9590.0,234417.0,26039.4,15874.5220531254,1.44,59.9626184068963,124.025595374212
POL,2020,17.0,336.03,9580.0,234617.0,28219.8,16150.9304813473,1.39,59.8738141138092,122.548420605625
PRT,1995,16.5,275.87,6770.0,39290.0,4959.1,11781.3618502221,1.41,51.008291015927,109.575693989071
PRT,1996,16.5,281.05,7220.0,40099.0,5501.8,12185.0914010629,1.44,51.6932632041232,109.988469945355
PRT,1997,16.9,286.21,7590.0,39720.0,5967.3,11575.5071124358,1.47,52.3795796967868,110.48062295082
PRT,1998,16.9,292.71,8010.0,39180.0,6735.2,12199.206385024,1.47,53.063097347651,111.040393442623
PRT,1999,17.0,299.0,8660.0,38262.0,7281.9,12475.2917701476,1.5,53.7396730104491,111.67025136612
PRT,2000,17.4,306.42,9290.0,38165.0,8056.5,11526.3720667968,1.55,54.4051635389142,112.457901639344
PRT,2001,17.7,313.61,9720.0,37809.0,8810.6,11734.7649743954,1.45,55.0679833009212,113.253792349727
PRT,2002,17.7,318.75,10160.0,37162.0,9349.7,12936.6928204482,1.46,55.789299869679,113.87574863388
PRT,2003,17.6,325.48,10490.0,37459.0,10210.7,15797.7821340276,1.44,56.5865509520713,114.304054644809
PRT,2004,18.3,333.05,10990.0,37628.0,11055.7,18064.1580932987,1.4,57.4171857647664,114.577715846995
PRT,2005,18.0,342.01,11570.0,37372.0,11630.5,18780.12751241,1.41,58.2450763389585,114.828140373893
PRT,2006,18.7,349.68,12050.0,36605.0,11631.4,19839.4540499032,1.37,59.0340947058419,115.035399584563
PRT,2007,18.8,359.2,12630.0,36220.0,12399.7,22811.0564844365,1.35,59.7481128966109,115.261440909588
PRT,2008,18.9,369.25,13120.0,35803.0,13024.7,24949.0413566739,1.39,60.3510029424595,115.427757734776
PRT,2009,19.2,380.58,12730.0,35635.0,14057.4,23151.2154130712,1.34,60.8066368745822,115.386472322306
PRT,2010,19.3,393.59,13140.0,35646.0,13431.7,22551.935098809,1.39,61.0788867241731,115.439458456163
PRT,2011,19.9,406.97,12730.0,35601.0,12251.0,23246.5425416481,1.35,61.1410698395502,115.269789278305
PRT,2012,19.6,417.31,12210.0,35815.0,11144.9,20593.4274224109,1.28,61.1409793914666,114.803406485424
PRT,2013,19.9,431.17,12290.0,35478.0,11065.8,21676.4859642714,1.21,61.1405315215642,114.156128691384
PRT,2014,20.2,445.5,12600.0,34522.0,10880.5,22120.6850127107,1.24,61.1394537361116,113.541770372117
PRT,2015,20.0,462.5,12960.0,34890.0,11059.9,19215.7813014347,1.31,61.137469211538,113.072519583956
PRT,2016,20.1,479.42,13440.0,35037.0,11390.7,19980.2808866516,1.37,61.1343011242723,112.716384151187
PRT,2017,20.4,495.87,13920.0,34953.0,12244.2,21442.3842768879,1.38,61.1296726507436,112.441815784188
PRT,2018,20.3,512.57,14530.0,35409.0,13256.5,23541.1401075289,1.42,61.1233069673808,112.261935951514
PRT,2019,20.6,528.7,15180.0,36092.0,13920.4,23343.3628970034,1.44,61.114927250613,112.288582794065
PRT,2020,20.2,544.14,14380.0,36332.0,14930.5,22299.4044062173,1.42,61.1042566768691,112.406676011074
ROU,1999,14.4,217.63,1210.0,170213.0,1267.9,1599.90622808339,1.3,53.0197228815939,97.8747386759582
ROU,2000,14.8,222.71,1380.0,172656.0,1681.8,1659.92904910528,1.31,52.8619549004535,97.701323407775
ROU,2001,14.8,224.44,1530.0,173381.0,1855.3,1825.19299373184,1.27,52.764808691157,96.3474380740934
ROU,2002,14.4,219.76,1710.0,167099.0,1989.3,2119.85509684554,1.27,52.7466427937759,94.5338495671466
ROU,2003,14.3,223.22,1790.0,146620.0,1801.6,2679.40626016154,1.3,52.8023493819682,93.8218134377039
ROU,2004,14.4,232.1,2160.0,146096.0,1954.0,3494.99056448955,1.33,52.9175295523808,93.2684695652174
ROU,2005,14.6,241.94,2900.0,146529.0,2597.4,4618.00350802913,1.4,53.074507031037,92.7023436820593
ROU,2006,15.1,239.7,3480.0,145529.0,3202.0,5757.53127301178,1.42,53.2566380678272,92.1547960692234
ROU,2007,15.5,235.43,4520.0,140889.0,4651.4,8360.33775916596,1.45,53.4472789126416,90.8390186610988
ROU,2008,16.1,245.27,5100.0,141327.0,5349.5,10435.1561230787,1.6,53.6297858153706,89.3339495432797
ROU,2009,16.2,249.73,4370.0,142203.0,5028.9,8548.4543409242,1.66,53.7875150259042,88.5311962096844
ROU,2010,15.8,261.55,4590.0,134736.0,5204.9,8399.5374234284,1.59,53.9038227941329,88.0107411432297
ROU,2011,16.2,263.48,4880.0,130970.0,5369.1,9560.6755277458,1.47,53.9608874244169,87.5332493374462
ROU,2012,16.2,269.71,4930.0,132303.0,5125.5,8929.95366231474,1.52,53.9563092496073,87.201265107382
ROU,2013,16.6,272.11,4870.0,133354.0,5789.0,9497.67411615237,1.46,53.9101758034365,86.8742903099596
ROU,2014,16.6,276.7,5110.0,133619.0,6031.0,10031.7710755404,1.56,53.8267187624053,86.5306806328234
ROU,2015,16.4,282.3,5490.0,134572.0,6736.2,8977.01748158196,1.62,53.7071839518893,86.1248956884562
ROU,2016,16.7,288.32,5880.0,134763.0,6847.8,9404.54005870715,1.69,53.5528171972639,85.6322453059805
ROU,2017,16.6,295.29,6660.0,134998.0,8121.4,10727.9822007426,1.78,53.3648643239046,85.1387126216968
ROU,2018,16.7,305.61,7470.0,135691.0,9511.0,12416.134317959,1.76,53.1445711571868,84.6399947844228
ROU,2019,16.9,318.67,8100.0,136715.0,11171.0,12909.6104013244,1.77,52.8931835224862,84.1952712100139
ROU,2020,15.7,332.86,7930.0,137191.0,12064.4,13009.1770573223,1.8,52.611947245178,83.7328320584145
SVK,1999,15.2,328.71,2270.0,42915.0,1067.4,5651.62327514236,1.33,56.2168739353574,112.183367983368
SVK,2000,15.0,331.61,2580.0,42333.0,1246.6,5421.6448441887,1.3,56.1058893284907,112.031600831601
SVK,2001,15.2,330.65,2820.0,41249.0,1364.9,5712.47802761654,1.2,55.9968426739371,111.826756756757
SVK,2002,15.3,328.16,3110.0,40714.0,1525.2,6554.62808369461,1.19,55.8776140379959,111.786112266112
SVK,2003,15.3,324.07,3420.0,38938.0,1665.4,8675.39633696465,1.2,55.7386007222942,111.689336936188
SVK,2004,15.5,327.52,4000.0,37129.0,1758.5,10650.1290097126,1.25,55.5843833415875,111.689812889813
SVK,2005,15.5,299.39,4460.0,36471.0,2512.0,11641.5410321763,1.27,55.4189847597721,111.700769230769
SVK,2006,15.6,312.64,5180.0,36185.0,3025.6,13167.8954730379,1.25,55.2464278407442,111.705904365904
SVK,2007,15.8,334.27,6360.0,36449.0,3486.1,16110.4817265237,1.27,55.0707354484001,111.738503118503
SVK,2008,16.1,332.47,7690.0,35452.0,4511.2,18744.3192278346,1.34,54.895930446636,111.834365904366
SVK,2009,16.4,326.54,8020.0,35248.0,4745.4,16586.7527805228,1.44,54.7260356993483,112.006778956124
SVK,2010,16.3,332.27,8200.0,34850.0,5249.3,16899.448680529,1.43,54.5650740704331,112.108876920838
SVK,2011,16.8,327.48,8360.0,32663.0,5184.3,18469.4354316836,1.45,54.4167387988534,112.260522375645
SVK,2012,16.8,333.79,8690.0,31963.0,5253.8,17516.9691054078,1.34,54.2764528316182,112.451734320413
SVK,2013,17.0,336.76,8720.0,31416.0,3809.7,18312.7805149823,1.34,54.1384024098892,112.572637664282
SVK,2014,17.4,340.78,8900.0,31348.0,4365.0,18770.9289896545,1.37,54.0029125499893,112.700686356073
SVK,2015,17.2,343.44,9190.0,31172.0,4445.7,16442.0760860018,1.4,53.8700628001622,112.803148787488
SVK,2016,17.5,346.1,9460.0,31412.0,4652.3,16636.0769133073,1.48,53.7399327086517,112.953369384359
SVK,2017,17.4,341.4,10080.0,31659.0,4784.5,17645.5298716761,1.52,53.6126018237016,113.128785357737
SVK,2018,17.6,351.86,10670.0,31026.0,4918.7,19573.3717031314,1.54,53.4881496935559,113.285586522463
SVK,2019,17.9,356.68,11300.0,31422.0,5479.9,19406.0589683582,1.57,53.3666558664583,113.43899750416
SVK,2020,17.1,366.86,11560.0,31016.0,5850.6,19735.4858280801,1.59,53.2481998906526,113.536335274542
SVN,1998,16.4,208.32,6720.0,11097.0,1321.8,11131.5666628231,1.23,50.4899621472228,98.3927010923535
SVN,1999,16.6,202.6,7250.0,10959.0,1391.1,11401.4906790909,1.21,50.6024207997953,98.4630089374379
SVN,2000,16.9,205.63,7330.0,10745.0,1448.0,10135.7219109212,1.26,50.6975029797519,98.7549652432969
SVN,2001,17.1,207.84,7690.0,10286.0,1554.7,10375.6255869861,1.21,50.7597503536323,98.9106256206554
SVN,2002,17.1,213.37,8140.0,10147.0,1675.9,11639.1297780477,1.21,50.7744556266555,99.0332671300894
SVN,2003,16.9,215.53,8580.0,9895.0,1741.2,14711.674874253,1.2,50.7553842628349,99.0929990069513
SVN,2004,17.6,220.53,8920.0,9584.0,1791.3,17103.8297783905,1.25,50.7124410611224,99.156504468719
SVN,2005,17.5,225.48,9290.0,9666.0,1869.9,17969.7095907161,1.26,50.648781400021,99.3284011916584
SVN,2006,18.3,227.79,9640.0,9567.0,1984.1,19563.005059144,1.31,50.5672552816963,99.6458788480636
SVN,2007,18.3,231.34,10540.0,9414.0,2074.0,23725.1596001515,1.38,50.4707127083144,100.204667328699
SVN,2008,18.8,233.26,11460.0,9586.0,2335.1,27461.9764165315,1.53,50.3620036820409,100.332370372576
SVN,2009,18.8,236.19,11670.0,9389.0,2508.4,24501.7897290425,1.53,50.2439782050416,101.245371243634
SVN,2010,19.2,239.27,11990.0,9367.0,2488.1,23329.8417691156,1.57,50.1194862794826,101.685826607499
SVN,2011,19.3,246.09,12280.0,9493.0,2582.3,24940.6284841605,1.56,49.9463818748723,101.898292465005
SVN,2012,19.3,251.24,12140.0,9349.0,2505.8,22442.1417859955,1.58,49.7619476318359,102.114049151928
SVN,2013,19.5,260.27,11800.0,9377.0,2473.7,23236.9655321695,1.55,50.0466580754027,102.281678252234
SVN,2014,19.9,274.5,11870.0,9356.0,2435.0,24013.0682060959,1.58,50.983470916748,102.382323733863
SVN,2015,19.7,280.17,12080.0,9315.0,2589.8,20697.2748530619,1.57,53.6612160294144,102.446109241111
SVN,2016,20.0,299.1,12540.0,9266.0,2709.4,21447.8377796036,1.58,53.647274017334,102.52417833383
SVN,2017,19.8,307.94,13040.0,9294.0,2822.2,23303.077705959,1.62,55.2451133728027,102.610871929328
SVN,2018,20.0,316.74,13730.0,9183.0,2994.6,25888.0481065655,1.6,55.1913430955675,102.992292564709
SVN,2019,20.1,326.19,14560.0,9256.0,3231.5,25814.1687167572,1.61,55.4523277282715,103.711934605987
SVN,2020,18.9,330.29,13950.0,8994.0,3745.6,25392.0651093612,1.59,55.384391784668,104.408881428657
SWE,1995,18.1,243.01,15240.0,42359.0,12876.0,30254.0273028727,1.73,83.9000015258789,21.669724311183
SWE,1996,18.1,245.23,17340.0,38139.0,14977.6,33022.2444768661,1.6,83.9365712484942,21.7042385016732
SWE,1997,18.3,246.76,17730.0,34885.0,14979.5,30324.1845796306,1.52,83.96246905017,21.7166703859211
SWE,1998,18.4,252.55,17950.0,33234.0,15092.9,30605.3669074811,1.5,83.9840819295031,21.7287291172454
SWE,1999,18.4,256.77,19170.0,32755.0,16179.6,30968.8710702052,1.5,84.00779688509,21.7456682960193
SWE,2000,18.6,262.39,21120.0,31765.0,17544.6,29632.5890811623,1.54,84.0400009155273,21.7806145583158
SWE,2001,18.7,271.41,19980.0,29122.0,17092.0,27259.3174300217,1.57,84.0827152824223,21.8391676529442
SWE,2002,18.6,280.25,21100.0,27925.0,18832.3,29957.7776664916,1.65,84.1342508376823,21.9103563929565
SWE,2003,18.8,287.48,22000.0,27332.0,20191.4,37292.2419727801,1.71,84.1954289653543,21.9920351490414
SWE,2004,19.2,296.52,22570.0,27088.0,20468.7,42758.0048564929,1.75,84.2670710494849,22.0786999155742
SWE,2005,19.2,304.85,22960.0,26478.0,20907.1,43378.4077394363,1.77,84.3499984741211,22.1671788927031
SWE,2006,19.4,314.44,23820.0,26223.0,21976.9,46531.3762240485,1.85,84.4553200620359,22.2922170365422
SWE,2007,19.5,324.18,24960.0,26196.0,23329.0,53568.3057787832,1.88,84.5906875454778,22.4581399750626
SWE,2008,19.6,331.77,24620.0,25862.0,23796.1,55817.1759726485,1.91,84.7517366727063,22.6337796193202
SWE,2009,19.8,340.81,22770.0,25693.0,22439.8,46707.6425044751,1.94,84.9341031919813,22.8274214371936
SWE,2010,19.8,349.07,26280.0,25566.0,25605.7,52542.5759090299,1.98,85.1334228515625,23.0228627359425
SWE,2011,20.0,359.16,28480.0,25517.0,28355.6,60379.4814599322,1.9,85.3600748880524,23.1973780115221
SWE,2012,19.9,369.18,29940.0,25290.0,30085.2,57749.5615420853,1.91,85.6250668883122,23.3696200002111
SWE,2013,20.1,379.43,30680.0,24894.0,31237.2,60843.9888799369,1.89,85.9249771259894,23.5684835040631
SWE,2014,20.3,389.43,30030.0,24608.0,31077.8,59583.4584491714,1.88,86.2563838747314,23.8034986523533
SWE,2015,20.2,399.82,30470.0,23904.0,31863.7,51188.1652120493,1.85,86.6158654081858,24.0582617728817
SWE,2016,20.4,410.59,31070.0,23209.0,32708.9,51703.5088332851,1.85,87.0,24.362449750883
SWE,2017,20.4,419.74,31310.0,22247.0,33600.0,53210.2233318965,1.78,87.237373786911,24.6929419766692
SWE,2018,20.4,429.88,30330.0,21707.0,33712.3,54018.4554391861,1.76,87.4737430925296,24.9814588688378
SWE,2019,20.9,428.79,29910.0,21280.0,33949.8,51648.9892820514,1.71,87.7088420242759,25.2378879395011
SWE,2020,20.2,432.21,29800.0,21217.0,36013.4,52568.5726980146,1.67,87.9424046895699,25.4209438224317
