countryName,country,year,value
Austria,AUT,2024,58268.8787651601
Austria,AUT,2023,56579.504175468
Austria,AUT,2022,52336.7725223758
Austria,AUT,2021,53648.6437976214
Austria,AUT,2020,48716.4098900349
Austria,AUT,2019,49885.9947355204
Austria,AUT,2018,51194.0749841299
Austria,AUT,2017,47163.7425775142
Austria,AUT,2016,45061.4993920192
Austria,AUT,2015,43915.228020857
Austria,AUT,2014,51314.9722616322
Austria,AUT,2013,50305.3545774973
Austria,AUT,2012,48250.4059142637
Austria,AUT,2011,51116.8953522042
Austria,AUT,2010,46611.1393420232
Austria,AUT,2009,47857.4446635266
Austria,AUT,2008,51581.3982361071
Austria,AUT,2007,46622.9622913635
Austria,AUT,2006,40382.2078298575
Austria,AUT,2005,38157.37022862
Austria,AUT,2004,36614.2506533707
Austria,AUT,2003,32110.1159661425
Austria,AUT,2002,26334.862215032
Austria,AUT,2001,24430.495982841
Austria,AUT,2000,24487.2974685956
Austria,AUT,1999,27078.7081612201
Austria,AUT,1998,27212.4642905708
Austria,AUT,1997,26571.7523626508
Austria,AUT,1996,29645.9451251491
Austria,AUT,1995,30207.0674314652
Austria,AUT,1994,25546.2460525087
Austria,AUT,1993,23987.2037240657
Austria,AUT,1992,24782.7118767063
Austria,AUT,1991,22323.1312492943
Austria,AUT,1990,21596.068219998
Austria,AUT,1989,17400.5226619741
Austria,AUT,1988,17509.7658683817
Austria,AUT,1987,16328.5613047296
Austria,AUT,1986,13031.8281010744
Austria,AUT,1985,9136.17092559695
Austria,AUT,1984,8955.84829191534
Austria,AUT,1983,9500.05070417494
Austria,AUT,1982,9373.48820626125
Austria,AUT,1981,9348.48832395232
Austria,AUT,1980,10826.9718274995
Austria,AUT,1979,9755.4044562579
Austria,AUT,1978,8173.32926347245
Austria,AUT,1977,6783.95142193665
Austria,AUT,1976,5656.1451383787
Austria,AUT,1975,5264.91772004051
Austria,AUT,1974,4612.61920779656
Austria,AUT,1973,3875.48305618551
Austria,AUT,1972,2912.59577111524
Austria,AUT,1971,2371.65247955003
Austria,AUT,1970,2050.7051537705
Austria,AUT,1969,1834.0780781796
Austria,AUT,1968,1685.66211669148
Austria,AUT,1967,1577.14147705169
Austria,AUT,1966,1494.04911382106
Austria,AUT,1965,1381.07725824421
Austria,AUT,1964,1275.45715281679
Austria,AUT,1963,1172.55744626178
Austria,AUT,1962,1093.01419061569
Austria,AUT,1961,1036.72820436083
Austria,AUT,1960,939.914814681174
Belgium,BEL,2024,56614.5679499036
Belgium,BEL,2023,55291.4754541329
Belgium,BEL,2022,50605.7496677086
Belgium,BEL,2021,51658.238294958
Belgium,BEL,2020,45906.2875805246
Belgium,BEL,2019,46716.6227467964
Belgium,BEL,2018,47487.2100392561
Belgium,BEL,2017,44035.3239358548
Belgium,BEL,2016,41854.5498296444
Belgium,BEL,2015,40893.804537772
Belgium,BEL,2014,47995.7786961339
Belgium,BEL,2013,46964.5946777056
Belgium,BEL,2012,44874.1709182123
Belgium,BEL,2011,47760.8298776546
Belgium,BEL,2010,44197.393671162
Belgium,BEL,2009,44923.3400135081
Belgium,BEL,2008,48303.397956286
Belgium,BEL,2007,44319.165448813
Belgium,BEL,2006,38705.1067959147
Belgium,BEL,2005,36809.7013403619
Belgium,BEL,2004,35429.4077933344
Belgium,BEL,2003,30655.2092679024
Belgium,BEL,2002,25006.191397109
Belgium,BEL,2001,23015.0712632462
Belgium,BEL,2000,23098.8865077401
Belgium,BEL,1999,25252.8019066564
Belgium,BEL,1998,25338.4432934904
Belgium,BEL,1997,24820.9380503896
Belgium,BEL,1996,27489.5551770488
Belgium,BEL,1995,28413.8264387368
Belgium,BEL,1994,24208.5547931447
Belgium,BEL,1993,22283.9360213551
Belgium,BEL,1992,23372.619171015
Belgium,BEL,1991,21041.6606519648
Belgium,BEL,1990,20600.3752789827
Belgium,BEL,1989,16525.0617432848
Belgium,BEL,1988,16391.093827791
Belgium,BEL,1987,15135.8523116968
Belgium,BEL,1986,12170.0406962702
Belgium,BEL,1985,8750.81851250536
Belgium,BEL,1984,8457.26880316374
Belgium,BEL,1983,8846.23429846974
Belgium,BEL,1982,9343.86109959618
Belgium,BEL,1981,10622.8024830789
Belgium,BEL,1980,12864.0025661396
Belgium,BEL,1979,11810.6158754725
Belgium,BEL,1978,10289.7684173296
Belgium,BEL,1977,8426.94695947372
Belgium,BEL,1976,7243.04734119583
Belgium,BEL,1975,6701.37736052433
Belgium,BEL,1974,5733.79813933878
Belgium,BEL,1973,4900.96220075866
Belgium,BEL,1972,3831.63189999433
Belgium,BEL,1971,3082.92798879126
Belgium,BEL,1970,2765.89099664794
Belgium,BEL,1969,2490.1071730838
Belgium,BEL,1968,2251.31575906782
Belgium,BEL,1967,2113.82194132888
Belgium,BEL,1966,1983.13119821777
Belgium,BEL,1965,1859.50998671639
Belgium,BEL,1964,1724.01894179056
Belgium,BEL,1963,1555.02293182578
Belgium,BEL,1962,1457.26516998378
Belgium,BEL,1961,1367.78885228138
Belgium,BEL,1960,1290.28607216192
Bulgaria,BGR,2024,17596.0173663521
Bulgaria,BGR,2023,15853.208636704
Bulgaria,BGR,2022,13999.1949530956
Bulgaria,BGR,2021,12966.1457543396
Bulgaria,BGR,2020,10760.211975413
Bulgaria,BGR,2019,10353.7204584127
Bulgaria,BGR,2018,9849.38397225174
Bulgaria,BGR,2017,8696.68930427924
Bulgaria,BGR,2016,7822.49923292968
Bulgaria,BGR,2015,7268.65445473873
Bulgaria,BGR,2014,8069.60005667684
Bulgaria,BGR,2013,7795.98092108928
Bulgaria,BGR,2012,7431.95789508871
Bulgaria,BGR,2011,7849.58061302818
Bulgaria,BGR,2010,6853.94805511171
Bulgaria,BGR,2009,6988.27316296465
Bulgaria,BGR,2008,7271.30338858025
Bulgaria,BGR,2007,5888.57081403932
Bulgaria,BGR,2006,4523.1465578805
Bulgaria,BGR,2005,3899.82596332878
Bulgaria,BGR,2004,3389.68743360274
Bulgaria,BGR,2003,2719.49436859287
Bulgaria,BGR,2002,2092.98288625558
Bulgaria,BGR,2001,1770.90704918691
Bulgaria,BGR,2000,1621.26210738992
Bulgaria,BGR,1999,1660.9089125393
Bulgaria,BGR,1998,1820.44866449942
Bulgaria,BGR,1997,1361.40938439884
Bulgaria,BGR,1996,1470.19259250682
Bulgaria,BGR,1995,2259.25922555221
Bulgaria,BGR,1994,1149.89464008734
Bulgaria,BGR,1993,1278.52511370319
Bulgaria,BGR,1992,1007.34454544881
Bulgaria,BGR,1991,883.736578319325
Bulgaria,BGR,1990,2366.52982128614
Bulgaria,BGR,1989,2477.0208179596
Bulgaria,BGR,1988,2511.39306259489
Bulgaria,BGR,1987,3132.30136036246
Bulgaria,BGR,1986,2260.4272811545
Bulgaria,BGR,1985,1914.55064658793
Bulgaria,BGR,1984,1963.57267618274
Bulgaria,BGR,1983,1852.81343442802
Bulgaria,BGR,1982,2169.00401089683
Bulgaria,BGR,1981,2234.81481573125
Bulgaria,BGR,1980,2238.80295786574
Cyprus,CYP,2024,38674.29296875
Cyprus,CYP,2023,36623.69140625
Cyprus,CYP,2022,33231.04296875
Cyprus,CYP,2021,32937.83984375
Cyprus,CYP,2020,28130.341796875
Cyprus,CYP,2019,29227.173828125
Cyprus,CYP,2018,29120.375
Cyprus,CYP,2017,26247.44921875
Cyprus,CYP,2016,24280.056640625
Cyprus,CYP,2015,23088.44140625
Cyprus,CYP,2014,26993.103515625
Cyprus,CYP,2013,27764.73046875
Cyprus,CYP,2012,28991.935546875
Cyprus,CYP,2011,32485.798828125
Cyprus,CYP,2010,31105.02734375
Cyprus,CYP,2009,32236.44921875
Cyprus,CYP,2008,35397.296875
Cyprus,CYP,2007,31244.87890625
Cyprus,CYP,2006,26729.28125
Cyprus,CYP,2005,24959.26171875
Cyprus,CYP,2004,23792.619140625
Cyprus,CYP,2003,20252.24609375
Cyprus,CYP,2002,16093.2158203125
Cyprus,CYP,2001,14821.44921875
Cyprus,CYP,2000,14388.3525390625
Cyprus,CYP,1999,15287.91796875
Cyprus,CYP,1998,15092.828125
Cyprus,CYP,1997,14234.2412109375
Cyprus,CYP,1996,15139.220703125
Cyprus,CYP,1995,15261.4169921875
Cyprus,CYP,1994,11617.6923828125
Cyprus,CYP,1993,10526.1416015625
Cyprus,CYP,1992,11310.072265625
Cyprus,CYP,1991,9696.099609375
Cyprus,CYP,1990,9641.5751953125
Cyprus,CYP,1989,8038.9140625
Cyprus,CYP,1988,7645.6298828125
Cyprus,CYP,1987,6690.578125
Cyprus,CYP,1986,5642.63134765625
Cyprus,CYP,1985,4488.287109375
Cyprus,CYP,1984,4258.74365234375
Cyprus,CYP,1983,4091.04858398438
Cyprus,CYP,1982,4122.78466796875
Cyprus,CYP,1981,4033.24047851563
Cyprus,CYP,1980,4232.02294921875
Cyprus,CYP,1979,2559.22900390625
Cyprus,CYP,1978,1929.39929199219
Cyprus,CYP,1977,1476.24755859375
Cyprus,CYP,1976,1157.41162109375
Cyprus,CYP,1975,976.329895019531
Czechia,CZE,2024,31823.3078290564
Czechia,CZE,2023,31761.5944102491
Czechia,CZE,2022,28282.2236715857
Czechia,CZE,2021,27696.4619527544
Czechia,CZE,2020,23472.8915454417
Czechia,CZE,2019,24062.7190013343
Czechia,CZE,2018,23705.9329811299
Czechia,CZE,2017,20913.197632212
Czechia,CZE,2016,18753.9686718096
Czechia,CZE,2015,17931.5987670768
Czechia,CZE,2014,20038.4163180257
Czechia,CZE,2013,20260.4954999375
Czechia,CZE,2012,20014.0354015165
Czechia,CZE,2011,22049.1080788682
Czechia,CZE,2010,20160.4355077059
Czechia,CZE,2009,19817.4215836554
Czechia,CZE,2008,22774.7045076205
Czechia,CZE,2007,18452.6532812196
Czechia,CZE,2006,15259.0788162004
Czechia,CZE,2005,13442.4916284309
Czechia,CZE,2004,11782.5546676117
Czechia,CZE,2003,9852.45677945801
Czechia,CZE,2002,8101.26018588111
Czechia,CZE,2001,6669.07494847497
Czechia,CZE,2000,6062.92152842793
Czechia,CZE,1999,6377.6211077224
Czechia,CZE,1998,6526.59635780951
Czechia,CZE,1997,6069.38762357837
Czechia,CZE,1996,6573.19643136362
Czechia,CZE,1995,5865.29460556726
Czechia,CZE,1994,4663.28665345469
Czechia,CZE,1993,3984.1463439879
Czechia,CZE,1992,3396.70972430469
Czechia,CZE,1991,2917.08655474323
Czechia,CZE,1990,3969.36733543794
Germany,DEU,2024,56103.7323182554
Germany,DEU,2023,54776.7668235491
Germany,DEU,2022,50506.5179638543
Germany,DEU,2021,52349.2459994422
Germany,DEU,2020,47394.8734504469
Germany,DEU,2019,47656.199739747
Germany,DEU,2018,48916.1686612154
Germany,DEU,2017,45553.9341495339
Germany,DEU,2016,42948.9381932694
Germany,DEU,2015,41929.7549110722
Germany,DEU,2014,48959.5991203133
Germany,DEU,2013,47206.8353514242
Germany,DEU,2012,44718.0159214069
Germany,DEU,2011,47630.9761883572
Germany,DEU,2010,42396.9665976293
Germany,DEU,2009,42471.8868625226
Germany,DEU,2008,46379.1647953479
Germany,DEU,2007,42350.9217211489
Germany,DEU,2006,36980.3349948954
Germany,DEU,2005,35084.4363546269
Germany,DEU,2004,34566.7359143735
Germany,DEU,2003,30711.1022511331
Germany,DEU,2002,25486.5942008748
Germany,DEU,2001,23878.3641471651
Germany,DEU,2000,23925.8559901991
Germany,DEU,1999,26965.4922773722
Germany,DEU,1998,27395.9440608051
Germany,DEU,1997,27046.9565464237
Germany,DEU,1996,30599.7891048363
Germany,DEU,1995,31747.2449398447
Germany,DEU,1994,27201.9593555204
Germany,DEU,1993,25616.6508772405
Germany,DEU,1992,26559.8543879632
Germany,DEU,1991,23443.3350818536
Germany,DEU,1990,22385.6778250275
Germany,DEU,1989,17829.4609524705
Germany,DEU,1988,17996.9783507619
Germany,DEU,1987,16738.6132825523
Germany,DEU,1986,13511.1520027486
Germany,DEU,1985,9464.11694710857
Germany,DEU,1984,9347.29068412377
Germany,DEU,1983,9900.48559233526
Germany,DEU,1982,9950.05926025365
Germany,DEU,1981,10246.4767623188
Germany,DEU,1980,12182.7800196802
Germany,DEU,1979,11322.3543443813
Germany,DEU,1978,9516.78283228907
Germany,DEU,1977,7711.10232025365
Germany,DEU,1976,6659.16546576017
Germany,DEU,1975,6259.20744498342
Germany,DEU,1974,5659.73787773336
Germany,DEU,1973,5065.24523302283
Germany,DEU,1972,3823.94032602696
Germany,DEU,1971,3203.82884836051
Germany,DEU,1970,2771.28310514754
Germany,DEU,1969,2281.27598218229
Germany,DEU,1968,2025.08159465853
Germany,DEU,1967,1885.61596607874
Germany,DEU,1966,1870.80540291774
Germany,DEU,1965,1774.1986904555
Germany,DEU,1964,1637.45522773672
Germany,DEU,1963,1502.15452905146
Germany,DEU,1962,1430.52095516263
Germany,DEU,1961,1315.90787834504
Germany,DEU,1960,1162.12266831735
Denmark,DNK,2024,71026.4832271897
Denmark,DNK,2023,68043.5466971243
Denmark,DNK,2022,67781.0940939514
Denmark,DNK,2021,69340.7334922138
Denmark,DNK,2020,60985.4885601514
Denmark,DNK,2019,59404.2663247723
Denmark,DNK,2018,61324.7665045565
Denmark,DNK,2017,57521.5514992225
Denmark,DNK,2016,54500.9260410217
Denmark,DNK,2015,53094.0133607574
Denmark,DNK,2014,62520.4509747011
Denmark,DNK,2013,61377.5940590412
Denmark,DNK,2012,58443.7747103968
Denmark,DNK,2011,61809.737898222
Denmark,DNK,2010,58104.5445594981
Denmark,DNK,2009,58412.7472358513
Denmark,DNK,2008,64616.6657583663
Denmark,DNK,2007,58631.6566433635
Denmark,DNK,2006,52119.1787984282
Denmark,DNK,2005,48925.8076698784
Denmark,DNK,2004,46625.050098011
Denmark,DNK,2003,40519.0974905924
Denmark,DNK,2002,33257.1622586509
Denmark,DNK,2001,30768.4775471112
Denmark,DNK,2000,30722.0251837567
Denmark,DNK,1999,33426.2381077405
Denmark,DNK,1998,33346.4884298957
Denmark,DNK,1997,32779.879045297
Denmark,DNK,1996,35621.9878051732
Denmark,DNK,1995,35321.0980773087
Denmark,DNK,1994,29967.8303903163
Denmark,DNK,1993,27581.7241097459
Denmark,DNK,1992,29579.4913648682
Denmark,DNK,1991,27002.8057705804
Denmark,DNK,1990,26885.6994188191
Denmark,DNK,1989,21882.1517463842
Denmark,DNK,1988,22524.5792595476
Denmark,DNK,1987,21295.6768566078
Denmark,DNK,1986,17136.6297376226
Denmark,DNK,1985,12212.7873997293
Denmark,DNK,1984,11516.6821578436
Denmark,DNK,1983,11796.5691955784
Denmark,DNK,1982,11740.2199128271
Denmark,DNK,1981,12000.2103769191
Denmark,DNK,1980,13822.1578405912
Denmark,DNK,1979,13757.2343740839
Denmark,DNK,1978,11817.6250875179
Denmark,DNK,1977,9769.57864283968
Denmark,DNK,1976,8773.3396162771
Denmark,DNK,1975,7988.15613263518
Denmark,DNK,1974,6763.86592918646
Denmark,DNK,1973,6116.89199229142
Denmark,DNK,1972,4653.95587889115
Denmark,DNK,1971,3845.59906810072
Denmark,DNK,1970,3464.45518278408
Denmark,DNK,1969,3151.13324311543
Denmark,DNK,1968,2776.13544525805
Denmark,DNK,1967,2700.74637883336
Denmark,DNK,1966,2487.13627144432
Denmark,DNK,1965,2284.22850484956
Denmark,DNK,1964,2049.39724281483
Denmark,DNK,1963,1807.25279179793
Denmark,DNK,1962,1711.2181376602
Denmark,DNK,1961,1530.53779004389
Denmark,DNK,1960,1389.0213943225
Spain,ESP,2024,35326.7683069278
Spain,ESP,2023,33493.2225409111
Spain,ESP,2022,30319.4987196616
Spain,ESP,2021,30799.4775937775
Spain,ESP,2020,27233.9426461608
Spain,ESP,2019,29786.5245689007
Spain,ESP,2018,30602.4212881113
Spain,ESP,2017,28381.3425596906
Spain,ESP,2016,26755.6061149398
Spain,ESP,2015,25982.4416197775
Spain,ESP,2014,29707.765509467
Spain,ESP,2013,29228.846559842
Spain,ESP,2012,28456.4438151477
Spain,ESP,2011,31824.6219134777
Spain,ESP,2010,30658.7422282912
Spain,ESP,2009,32279.8208476151
Spain,ESP,2008,35603.248328071
Spain,ESP,2007,32652.015594702
Spain,ESP,2006,28421.686527407
Spain,ESP,2005,26450.9530130382
Spain,ESP,2004,24925.0267844576
Spain,ESP,2003,21522.0170990262
Spain,ESP,2002,17111.0685058941
Spain,ESP,2001,15368.2337984435
Spain,ESP,2000,14743.2671031455
Spain,ESP,1999,15707.9473068138
Spain,ESP,1998,15382.3348573373
Spain,ESP,1997,14722.3717633536
Spain,ESP,1996,16100.6215831114
Spain,ESP,1995,15460.9110266653
Spain,ESP,1994,13405.704414883
Spain,ESP,1993,13330.3798192211
Spain,ESP,1992,16100.6799428032
Spain,ESP,1991,14801.3226152172
Spain,ESP,1990,13795.0159385128
Spain,ESP,1989,10674.3410230107
Spain,ESP,1988,9696.1928538538
Spain,ESP,1987,8233.72822993027
Spain,ESP,1986,6508.8506547565
Spain,ESP,1985,4696.29879620729
Spain,ESP,1984,4486.78173863382
Spain,ESP,1983,4475.30126831295
Spain,ESP,1982,5156.02303792945
Spain,ESP,1981,5367.32976278411
Spain,ESP,1980,6204.14321544225
Spain,ESP,1979,5766.09296672485
Spain,ESP,1978,4353.3273744052
Spain,ESP,1977,3624.99940255962
Spain,ESP,1976,3276.97023260494
Spain,ESP,1975,3207.54465082024
Spain,ESP,1974,2747.96036737994
Spain,ESP,1973,2245.9479911066
Spain,ESP,1972,1707.58800052655
Spain,ESP,1971,1361.19251917206
Spain,ESP,1970,1211.42343321309
Spain,ESP,1969,1109.13637135526
Spain,ESP,1968,978.292373768035
Spain,ESP,1967,996.571863525297
Spain,ESP,1966,915.62923367863
Spain,ESP,1965,797.377066170904
Spain,ESP,1964,694.952086797899
Spain,ESP,1963,627.278450964262
Spain,ESP,1962,535.391059454488
Spain,ESP,1961,463.19044087717
Spain,ESP,1960,407.96302786933
Estonia,EST,2024,31428.3547816104
Estonia,EST,2023,30264.0064885057
Estonia,EST,2022,28340.3826549406
Estonia,EST,2021,27951.1659277744
Estonia,EST,2020,23933.9939421065
Estonia,EST,2019,24021.2501413306
Estonia,EST,2018,23618.1361254581
Estonia,EST,2017,20851.5223496861
Estonia,EST,2016,18666.3736521706
Estonia,EST,2015,17722.1557669523
Estonia,EST,2014,20581.7898991695
Estonia,EST,2013,19310.3874900757
Estonia,EST,2012,17568.2137969714
Estonia,EST,2011,17555.5455239426
Estonia,EST,2010,14663.7041018705
Estonia,EST,2009,14712.4494217916
Estonia,EST,2008,18205.9064113446
Estonia,EST,2007,16745.4308011148
Estonia,EST,2006,12641.4800976473
Estonia,EST,2005,10414.6381183565
Estonia,EST,2004,8916.0728274602
Estonia,EST,2003,7205.40703313243
Estonia,EST,2002,5343.18310760735
Estonia,EST,2001,4502.66614992392
Estonia,EST,2000,4070.60902410208
Estonia,EST,1999,4140.93660232167
Estonia,EST,1998,4093.39247738765
Estonia,EST,1997,3682.95230146695
Estonia,EST,1996,3380.92630243199
Estonia,EST,1995,3134.38975345407
Estonia,EST,1994,2819.12612100926
Estonia,EST,1993,2685.90889287357
Finland,FIN,2024,53149.7671934051
Finland,FIN,2023,52834.2916752703
Finland,FIN,2022,50440.560224974
Finland,FIN,2021,53099.1351400148
Finland,FIN,2020,48828.6846862799
Finland,FIN,2019,48358.1807773701
Finland,FIN,2018,49654.2497035329
Finland,FIN,2017,46085.0174739036
Finland,FIN,2016,43451.2562442158
Finland,FIN,2015,42560.3456767103
Finland,FIN,2014,50073.7760815871
Finland,FIN,2013,49691.0145200739
Finland,FIN,2012,47551.6740841369
Finland,FIN,2011,51060.3242589767
Finland,FIN,2010,46506.2919016566
Finland,FIN,2009,47478.3495310999
Finland,FIN,2008,53769.4726240385
Finland,FIN,2007,48473.0240091455
Finland,FIN,2006,41214.0187765069
Finland,FIN,2005,39049.8703780223
Finland,FIN,2004,37768.1334202029
Finland,FIN,2003,32920.0857192568
Finland,FIN,2002,26989.389260959
Finland,FIN,2001,24965.202996776
Finland,FIN,2000,24335.9225082659
Finland,FIN,1999,26180.4128562349
Finland,FIN,1998,25999.9861694953
Finland,FIN,1997,24682.29083271
Finland,FIN,1996,25756.6777073618
Finland,FIN,1995,26246.2743214462
Finland,FIN,1994,20278.29109854
Finland,FIN,1993,17588.6781715509
Finland,FIN,1992,22320.1124695857
Finland,FIN,1991,25488.8450525604
Finland,FIN,1990,28366.204276071
Finland,FIN,1989,23969.052798644
Finland,FIN,1988,22043.7701596288
Finland,FIN,1987,18565.0264426011
Finland,FIN,1986,14946.9926198261
Finland,FIN,1985,11394.1921044246
Finland,FIN,1984,10830.2185222663
Finland,FIN,1983,10493.9626636806
Finland,FIN,1982,10935.3110588486
Finland,FIN,1981,10925.0957161181
Finland,FIN,1980,11224.9380036353
Finland,FIN,1979,9333.07695567452
Finland,FIN,1978,7629.49572475149
Finland,FIN,1977,7069.73565139858
Finland,FIN,1976,6740.29145314637
Finland,FIN,1975,6256.10245136117
Finland,FIN,1974,5298.08008790754
Finland,FIN,1973,4173.54485169644
Finland,FIN,1972,3177.9287929756
Finland,FIN,1971,2716.43223544591
Finland,FIN,1970,2465.86455526041
Finland,FIN,1969,2201.12415237742
Finland,FIN,1968,1927.29380452918
Finland,FIN,1967,2055.75306771186
Finland,FIN,1966,2031.52331393903
Finland,FIN,1965,1902.03847177709
Finland,FIN,1964,1725.60483489826
Finland,FIN,1963,1538.45703402737
Finland,FIN,1962,1426.6675637882
Finland,FIN,1961,1341.49900625891
Finland,FIN,1960,1191.85508873415
France,FRA,2024,46103.0840855884
France,FRA,2023,44700.1384177544
France,FRA,2022,40988.6396406579
France,FRA,2021,43725.0999521245
France,FRA,2020,39169.8606000707
France,FRA,2019,40408.2848574751
France,FRA,2018,41418.1766484844
France,FRA,2017,38687.1626407164
France,FRA,2016,37024.2157133669
France,FRA,2015,36702.4323733379
France,FRA,2014,43148.0459288416
France,FRA,2013,42669.1795111893
France,FRA,2012,40863.5814412333
France,FRA,2011,43929.7840873812
France,FRA,2010,40694.8211697025
France,FRA,2009,41728.0884164132
France,FRA,2008,45464.8181385158
France,FRA,2007,41486.1907828787
France,FRA,2006,36431.5658906555
France,FRA,2005,34696.3718316971
France,FRA,2004,33644.9282220364
France,FRA,2003,29479.5222101175
France,FRA,2002,24144.5727019529
France,FRA,2001,22331.7948343036
France,FRA,2000,22340.5939516217
France,FRA,1999,24576.3152254528
France,FRA,1998,24869.4030795939
France,FRA,1997,24169.4008102822
France,FRA,1996,26757.6351494145
France,FRA,1995,26791.8151982369
France,FRA,1994,23359.8985104774
France,FRA,1993,22238.8250618434
France,FRA,1992,23615.0168565483
France,FRA,1991,21500.7778366233
France,FRA,1990,21586.4674617483
France,FRA,1989,17547.2645422514
France,FRA,1988,17549.6440487161
France,FRA,1987,16175.7090467566
France,FRA,1986,13430.4824599685
France,FRA,1985,9657.01938533723
France,FRA,1984,9311.89426452129
France,FRA,1983,9862.28449386586
France,FRA,1982,10359.8920663549
France,FRA,1981,10955.9002996167
France,FRA,1980,12565.1639377144
France,FRA,1979,11062.5731730373
France,FRA,1978,9166.59011961391
France,FRA,1977,7458.76424117602
France,FRA,1976,6792.3099035538
France,FRA,1975,6616.76722499173
France,FRA,1974,5260.60025882755
France,FRA,1973,4906.53555379458
France,FRA,1972,3809.09946046394
France,FRA,1971,3137.05929958055
France,FRA,1970,2832.54913756906
France,FRA,1969,2729.37124785377
France,FRA,1968,2518.15825593491
France,FRA,1967,2328.11785496887
France,FRA,1966,2172.59339649824
France,FRA,1965,2023.50184544884
France,FRA,1964,1891.12061521027
France,FRA,1963,1723.23648290171
France,FRA,1962,1553.99323202639
France,FRA,1961,1401.87190432812
France,FRA,1960,1306.79629911648
Greece,GRC,2024,24626.1481858973
Greece,GRC,2023,23343.7103964562
Greece,GRC,2022,20886.5243087629
Greece,GRC,2021,20654.7001960815
Greece,GRC,2020,17886.733165236
Greece,GRC,2019,19335.3602002969
Greece,GRC,2018,19873.4015238771
Greece,GRC,2017,18631.9930129293
Greece,GRC,2016,17919.2426377048
Greece,GRC,2015,17980.7298238137
Greece,GRC,2014,21474.7257123892
Greece,GRC,2013,21573.3449762805
Greece,GRC,2012,21624.346052551
Greece,GRC,2011,25504.7866510124
Greece,GRC,2010,26653.0488008626
Greece,GRC,2009,29425.4573200263
Greece,GRC,2008,31695.8331092209
Greece,GRC,2007,28440.7625328955
Greece,GRC,2006,24416.0232970275
Greece,GRC,2005,22054.1315756886
Greece,GRC,2004,21449.2552764245
Greece,GRC,2003,18020.612039764
Greece,GRC,2002,13782.195640943
Greece,GRC,2001,12156.9572824221
Greece,GRC,2000,11638.2010697215
Greece,GRC,1999,12742.5404388143
Greece,GRC,1998,13022.9648774809
Greece,GRC,1997,13015.9175046854
Greece,GRC,1996,13432.5262183244
Greece,GRC,1995,12779.081491606
Greece,GRC,1994,10937.0223808611
Greece,GRC,1993,10257.3085789073
Greece,GRC,1992,11021.012224607
Greece,GRC,1991,10046.6663875475
Greece,GRC,1990,9466.66238502174
Greece,GRC,1989,7737.54385772032
Greece,GRC,1988,7492.35204811251
Greece,GRC,1987,6473.57783168117
Greece,GRC,1986,5577.83258692769
Greece,GRC,1985,4746.76035816355
Greece,GRC,1984,4785.07463033775
Greece,GRC,1983,4950.06026518761
Greece,GRC,1982,5501.63700061234
Greece,GRC,1981,5305.43729381339
Greece,GRC,1980,5811.69069600941
Greece,GRC,1979,5626.58879087082
Greece,GRC,1978,4629.33937671209
Greece,GRC,1977,3832.32110004611
Greece,GRC,1976,3343.38819444676
Greece,GRC,1975,3109.3794397892
Greece,GRC,1974,2789.40577350635
Greece,GRC,1973,2468.00395502023
Greece,GRC,1972,1873.25412773592
Greece,GRC,1971,1629.3452793287
Greece,GRC,1970,1473.60394808707
Greece,GRC,1969,1305.64395976862
Greece,GRC,1968,1138.38219032671
Greece,GRC,1967,1053.2588863313
Greece,GRC,1966,983.55754915871
Greece,GRC,1965,886.773611071551
Greece,GRC,1964,772.805500770312
Greece,GRC,1963,685.559282001744
Greece,GRC,1962,608.475515462307
Greece,GRC,1961,582.563503591063
Greece,GRC,1960,513.085862390915
Croatia,HRV,2024,24050.4397933135
Croatia,HRV,2023,22184.2279304842
Croatia,HRV,2022,18465.5414420364
Croatia,HRV,2021,17788.7865816658
Croatia,HRV,2020,14807.5608543265
Croatia,HRV,2019,15563.5987295029
Croatia,HRV,2018,15460.3669595491
Croatia,HRV,2017,13901.7878144679
Croatia,HRV,2016,12820.1653893008
Croatia,HRV,2015,12283.7840620053
Croatia,HRV,2014,14186.7295493276
Croatia,HRV,2013,14134.9474982889
Croatia,HRV,2012,13507.7805260991
Croatia,HRV,2011,14691.558296292
Croatia,HRV,2010,13729.7654965022
Croatia,HRV,2009,14474.6519774194
Croatia,HRV,2008,15888.0606949392
Croatia,HRV,2007,13755.8321073292
Croatia,HRV,2006,11501.2099669894
Croatia,HRV,2005,10443.5278353294
Croatia,HRV,2004,9718.97322801967
Croatia,HRV,2003,8190.11135193887
Croatia,HRV,2002,6219.58164143945
Croatia,HRV,2001,5364.83824691607
Croatia,HRV,2000,4953.65158789022
Croatia,HRV,1999,5269.03394637289
Croatia,HRV,1998,5712.58985659548
Croatia,HRV,1997,5331.02343858808
Croatia,HRV,1996,5299.6410536193
Croatia,HRV,1995,4929.05772183424
Croatia,HRV,1994,3237.92646315285
Croatia,HRV,1993,2447.50319141761
Croatia,HRV,1992,2321.15204123035
Croatia,HRV,1991,4000.91677428625
Croatia,HRV,1990,5369.10978590681
Hungary,HUN,2024,23292.3263882478
Hungary,HUN,2023,22230.6277875187
Hungary,HUN,2022,18428.028825614
Hungary,HUN,2021,19030.628130329
Hungary,HUN,2020,16386.9308821258
Hungary,HUN,2019,17012.8598553199
Hungary,HUN,2018,16605.0570511887
Hungary,HUN,2017,14736.1668157258
Hungary,HUN,2016,13215.8605277789
Hungary,HUN,2015,12782.9412577973
Hungary,HUN,2014,14352.501883174
Hungary,HUN,2013,13739.4620151401
Hungary,HUN,2012,12950.1594488143
Hungary,HUN,2011,14211.460557822
Hungary,HUN,2010,13189.8433874768
Hungary,HUN,2009,13051.1831777184
Hungary,HUN,2008,15762.6322515113
Hungary,HUN,2007,13934.605460375
Hungary,HUN,2006,11478.4891640501
Hungary,HUN,2005,11212.2046968994
Hungary,HUN,2004,10291.2694721409
Hungary,HUN,2003,8410.09248198479
Hungary,HUN,2002,6658.04494326809
Hungary,HUN,2001,5280.94887987063
Hungary,HUN,2000,4629.91760812548
Hungary,HUN,1999,4801.95949584162
Hungary,HUN,1998,4751.7732430202
Hungary,HUN,1997,4606.0569733295
Hungary,HUN,1996,4542.0120380978
Hungary,HUN,1995,4509.41740910077
Hungary,HUN,1994,4187.0311799663
Hungary,HUN,1993,3886.66608419616
Hungary,HUN,1992,3747.32966394956
Hungary,HUN,1991,3361.22268037924
Hungary,HUN,1990,3323.53967237633
Hungary,HUN,1989,2902.43508126549
Hungary,HUN,1988,2812.23754602897
Hungary,HUN,1987,2565.9739107384
Hungary,HUN,1986,2330.84188308476
Hungary,HUN,1985,2020.02286569062
Hungary,HUN,1984,1991.23894795513
Hungary,HUN,1983,2049.71617921793
Hungary,HUN,1982,2255.06405686887
Hungary,HUN,1981,2213.05267699322
Hungary,HUN,1980,2158.22181355246
Hungary,HUN,1979,1864.67188851588
Hungary,HUN,1978,1617.87853402771
Hungary,HUN,1977,1388.39509904029
Hungary,HUN,1976,1248.79851313891
Hungary,HUN,1975,1083.47473343284
Hungary,HUN,1974,955.874207823024
Hungary,HUN,1973,875.981999921224
Hungary,HUN,1972,709.652502602719
Hungary,HUN,1971,606.852738581394
Hungary,HUN,1970,559.197091346639
Hungary,HUN,1969,527.231617602682
Hungary,HUN,1968,476.434350138292
Ireland,IRL,2024,112894.953240805
Ireland,IRL,2023,106818.917130804
Ireland,IRL,2022,105190.685952731
Ireland,IRL,2021,103783.446284479
Ireland,IRL,2020,86514.0706108754
Ireland,IRL,2019,81827.6688873996
Ireland,IRL,2018,80804.1123164826
Ireland,IRL,2017,72161.4047531385
Ireland,IRL,2016,64129.5571542383
Ireland,IRL,2015,64250.1385181257
Ireland,IRL,2014,57214.5379785709
Ireland,IRL,2013,52537.6108648692
Ireland,IRL,2012,49335.8408099555
Ireland,IRL,2011,52613.8540355689
Ireland,IRL,2010,48623.9666422487
Ireland,IRL,2009,52133.0906162544
Ireland,IRL,2008,61353.1065629523
Ireland,IRL,2007,61396.417461176
Ireland,IRL,2006,54329.1618599624
Ireland,IRL,2005,50933.0216095589
Ireland,IRL,2004,47754.2023194244
Ireland,IRL,2003,41203.5295847568
Ireland,IRL,2002,32705.4345565698
Ireland,IRL,2001,28282.409882073
Ireland,IRL,2000,26334.5672050501
Ireland,IRL,1999,26338.1077543817
Ireland,IRL,1998,24294.8547674007
Ireland,IRL,1997,22551.1139134126
Ireland,IRL,1996,20835.8977130847
Ireland,IRL,1995,19158.4564773907
Ireland,IRL,1994,15902.9296755168
Ireland,IRL,1993,14657.0615549805
Ireland,IRL,1992,15714.3847487231
Ireland,IRL,1991,14087.2074393708
Ireland,IRL,1990,14031.3025675469
Ireland,IRL,1989,11175.816603647
Ireland,IRL,1988,10715.8702780539
Ireland,IRL,1987,9581.91308572415
Ireland,IRL,1986,8112.17136316453
Ireland,IRL,1985,6011.7355464232
Ireland,IRL,1984,5692.02738597285
Ireland,IRL,1983,5915.24177164341
Ireland,IRL,1982,6160.63829313723
Ireland,IRL,1981,5986.1541089392
Ireland,IRL,1980,6372.43777545453
Ireland,IRL,1979,5429.96200087479
Ireland,IRL,1978,4399.98680535092
Ireland,IRL,1977,3427.0734359204
Ireland,IRL,1976,2919.58308695615
Ireland,IRL,1975,2973.40012301715
Ireland,IRL,1974,2516.92768605196
Ireland,IRL,1973,2424.26904706558
Ireland,IRL,1972,2080.46514718169
Ireland,IRL,1971,1703.93218277317
Ireland,IRL,1970,1486.51452734638
Ireland,IRL,1969,1330.78329549951
Ireland,IRL,1968,1158.85549787929
Ireland,IRL,1967,1187.18321236576
Ireland,IRL,1966,1107.31823034754
Ireland,IRL,1965,1055.03624701098
Ireland,IRL,1964,994.607331611746
Ireland,IRL,1963,878.156576476286
Ireland,IRL,1962,821.344113076887
Ireland,IRL,1961,761.851359570018
Ireland,IRL,1960,706.551022345168
Italy,ITA,2024,40385.3413957669
Italy,ITA,2023,39277.0838783918
Italy,ITA,2022,35653.9042103495
Italy,ITA,2021,36852.5425414951
Italy,ITA,2020,32091.4866621366
Italy,ITA,2019,33812.788724868
Italy,ITA,2018,34904.1081923834
Italy,ITA,2017,32844.115660604
Italy,ITA,2016,31391.5692898108
Italy,ITA,2015,30639.8829751432
Italy,ITA,2014,36028.3494022349
Italy,ITA,2013,35701.6746002376
Italy,ITA,2012,34854.3949441965
Italy,ITA,2011,38432.3742820019
Italy,ITA,2010,35856.8625485539
Italy,ITA,2009,37099.6133958219
Italy,ITA,2008,40828.5795580937
Italy,ITA,2007,37826.1754554823
Italy,ITA,2006,33537.1286994269
Italy,ITA,2005,32062.723833669
Italy,ITA,2004,31348.1901841445
Italy,ITA,2003,27577.5700319855
Italy,ITA,2002,22451.3964379368
Italy,ITA,2001,20570.4385917862
Italy,ITA,2000,20190.0035636084
Italy,ITA,1999,22049.9990620261
Italy,ITA,1998,22365.1837644545
Italy,ITA,1997,21883.9872666651
Italy,ITA,1996,23122.9337219116
Italy,ITA,1995,20712.1798690324
Italy,ITA,1994,19382.2002150155
Italy,ITA,1993,18781.9529427137
Italy,ITA,1992,23297.0460325456
Italy,ITA,1991,22007.1350964074
Italy,ITA,1990,20873.7834092719
Italy,ITA,1989,16424.4301587005
Italy,ITA,1988,15780.9495122174
Italy,ITA,1987,14267.5368168757
Italy,ITA,1986,11341.0939892903
Italy,ITA,1985,8009.10347642127
Italy,ITA,1984,7757.55374836822
Italy,ITA,1983,7850.62789042275
Italy,ITA,1982,7573.93967597775
Italy,ITA,1981,7640.40241250516
Italy,ITA,1980,8476.41045000836
Italy,ITA,1979,7006.39699054556
Italy,ITA,1978,5623.42917622719
Italy,ITA,1977,4614.21004931651
Italy,ITA,1976,4042.39482463789
Italy,ITA,1975,4116.45964933054
Italy,ITA,1974,3629.49182319594
Italy,ITA,1973,3212.63949627574
Italy,ITA,1972,2677.29372999774
Italy,ITA,1971,2310.92376058816
Italy,ITA,1970,2111.71986404332
Italy,ITA,1969,1886.45002730465
Italy,ITA,1968,1718.49646427147
Italy,ITA,1967,1595.48578129215
Italy,ITA,1966,1458.94713889011
Italy,ITA,1965,1357.0106162201
Italy,ITA,1964,1271.80119301518
Italy,ITA,1963,1171.3869628098
Italy,ITA,1962,1030.15800343763
Italy,ITA,1961,923.08778375214
Italy,ITA,1960,836.905850281885
Lithuania,LTU,2024,29384.0189598663
Lithuania,LTU,2023,27786.0057829276
Lithuania,LTU,2022,25085.784063499
Lithuania,LTU,2021,23870.4594851722
Lithuania,LTU,2020,20428.6478157394
Lithuania,LTU,2019,19608.7943945553
Lithuania,LTU,2018,19247.2315367967
Lithuania,LTU,2017,16800.1510246099
Lithuania,LTU,2016,14934.2702840428
Lithuania,LTU,2015,14269.8039878287
Lithuania,LTU,2014,16446.1647181663
Lithuania,LTU,2013,15636.5252586048
Lithuania,LTU,2012,14288.1853493139
Lithuania,LTU,2011,14261.8433787325
Lithuania,LTU,2010,11829.122609457
Lithuania,LTU,2009,11854.3711053096
Lithuania,LTU,2008,14955.5345462921
Lithuania,LTU,2007,12295.1212779366
Lithuania,LTU,2006,9210.10118229413
Lithuania,LTU,2005,7857.03148786492
Lithuania,LTU,2004,6734.57487061946
Lithuania,LTU,2003,5507.47434187652
Lithuania,LTU,2002,4148.13091485015
Lithuania,LTU,2001,3532.52787363242
Lithuania,LTU,2000,3300.63634928559
Lithuania,LTU,1999,3127.51176667183
Lithuania,LTU,1998,3180.64498555255
Lithuania,LTU,1997,2844.16286797492
Lithuania,LTU,1996,2340.67545970008
Lithuania,LTU,1995,2182.69156931505
Luxembourg,LUX,2024,137781.681659123
Luxembourg,LUX,2023,133230.619178899
Luxembourg,LUX,2022,123719.658915996
Luxembourg,LUX,2021,134965.815442152
Luxembourg,LUX,2020,116860.02817236
Luxembourg,LUX,2019,112696.649059674
Luxembourg,LUX,2018,116926.759593905
Luxembourg,LUX,2017,110193.213797228
Luxembourg,LUX,2016,106899.293549552
Luxembourg,LUX,2015,105462.012584423
Luxembourg,LUX,2014,123678.702143275
Luxembourg,LUX,2013,120000.140729859
Luxembourg,LUX,2012,112584.676270958
Luxembourg,LUX,2011,119025.057203467
Luxembourg,LUX,2010,110885.991378721
Luxembourg,LUX,2009,109419.746953106
Luxembourg,LUX,2008,120422.137934157
Luxembourg,LUX,2007,107475.320297978
Luxembourg,LUX,2006,90788.8004876145
Luxembourg,LUX,2005,80988.1376230858
Luxembourg,LUX,2004,76544.9170868473
Luxembourg,LUX,2003,65689.3214536911
Luxembourg,LUX,2002,53005.7339209179
Luxembourg,LUX,2001,48440.1420151355
Luxembourg,LUX,2000,48659.5988753233
Luxembourg,LUX,1999,50872.4492684624
Luxembourg,LUX,1998,47445.3810812051
Luxembourg,LUX,1997,46641.6408754876
Luxembourg,LUX,1996,50444.3591236175
Luxembourg,LUX,1995,51032.349635318
Luxembourg,LUX,1994,43933.235442736
Luxembourg,LUX,1993,40066.7242518773
Luxembourg,LUX,1992,39570.8615665986
Luxembourg,LUX,1991,35747.3377992066
Luxembourg,LUX,1990,33465.478207919
Luxembourg,LUX,1989,26618.0695774968
Luxembourg,LUX,1988,25219.3542781732
Luxembourg,LUX,1987,22443.4314633012
Luxembourg,LUX,1986,18149.8692500239
Luxembourg,LUX,1985,12481.9658448559
Luxembourg,LUX,1984,12126.9391987909
Luxembourg,LUX,1983,12374.0304234408
Luxembourg,LUX,1982,12590.9767956204
Luxembourg,LUX,1981,13837.1299814617
Luxembourg,LUX,1980,16531.1148988397
Luxembourg,LUX,1979,15204.3308191994
Luxembourg,LUX,1978,13034.3882079614
Luxembourg,LUX,1977,10486.3357891095
Luxembourg,LUX,1976,9490.6903118849
Luxembourg,LUX,1975,8701.30473139249
Luxembourg,LUX,1974,8966.72895879047
Luxembourg,LUX,1973,7447.21301786664
Luxembourg,LUX,1972,5486.72062789089
Luxembourg,LUX,1971,4435.39800823681
Luxembourg,LUX,1970,4298.03389742102
Luxembourg,LUX,1969,3690.17182620062
Luxembourg,LUX,1968,3202.50594852825
Luxembourg,LUX,1967,2934.52832111007
Luxembourg,LUX,1966,2925.22204723477
Luxembourg,LUX,1965,2803.85304611765
Luxembourg,LUX,1964,2779.18439746326
Luxembourg,LUX,1963,2461.90112384487
Luxembourg,LUX,1962,2331.55685801925
Luxembourg,LUX,1961,2241.36003221423
Luxembourg,LUX,1960,2261.17741836594
Latvia,LVA,2024,23409.0845154775
Latvia,LVA,2023,22710.2637544197
Latvia,LVA,2022,20221.103686109
Latvia,LVA,2021,20261.8887788916
Latvia,LVA,2020,17564.2321549354
Latvia,LVA,2019,17294.9751600969
Latvia,LVA,2018,17252.1710428626
Latvia,LVA,2017,15132.4958333982
Latvia,LVA,2016,13838.5266823272
Latvia,LVA,2015,13321.9753140616
Latvia,LVA,2014,15185.814581236
Latvia,LVA,2013,14484.4715282132
Latvia,LVA,2012,13329.3499931271
Latvia,LVA,2011,12902.574053337
Latvia,LVA,2010,11188.4191700977
Latvia,LVA,2009,11996.0322729773
Latvia,LVA,2008,15677.6080864506
Latvia,LVA,2007,13370.9789452508
Latvia,LVA,2006,9211.7374468148
Latvia,LVA,2005,7283.78738127622
Latvia,LVA,2004,6109.73265186817
Latvia,LVA,2003,4914.57992829302
Latvia,LVA,2002,4003.60935783538
Latvia,LVA,2001,3504.61829462397
Latvia,LVA,2000,3278.17896440803
Latvia,LVA,1999,3063.89794599707
Latvia,LVA,1998,2893.79998716563
Latvia,LVA,1997,2609.89308697195
Latvia,LVA,1996,2360.1714816213
Latvia,LVA,1995,2256.77360387054
Malta,MLT,2024,43898.5781808597
Malta,MLT,2023,40905.8059585057
Malta,MLT,2022,35638.8869457406
Malta,MLT,2021,38096.8360735119
Malta,MLT,2020,31823.4363934505
Malta,MLT,2019,32421.9179752262
Malta,MLT,2018,33382.2677499267
Malta,MLT,2017,30317.2443175543
Malta,MLT,2016,26459.0770929988
Malta,MLT,2015,25529.6813337717
Malta,MLT,2014,27424.5765646694
Malta,MLT,2013,25415.5566867731
Malta,MLT,2012,22878.3130866521
Malta,MLT,2011,23516.9691234302
Malta,MLT,2010,21946.6069636029
Malta,MLT,2009,21176.3218262672
Malta,MLT,2008,22315.3104212988
Malta,MLT,2007,19444.1741958382
Malta,MLT,2006,16653.6036929688
Malta,MLT,2005,15831.344048672
Malta,MLT,2004,15212.1313438497
Malta,MLT,2003,13593.9787155682
Malta,MLT,2002,11251.2025296416
Malta,MLT,2001,10357.7025891731
Malta,MLT,2000,10348.4858902403
Malta,MLT,1999,10609.1104477299
Malta,MLT,1998,10408.1157380149
Malta,MLT,1997,9893.18898998688
Malta,MLT,1996,10061.850192141
Malta,MLT,1995,9828.32354719517
Malta,MLT,1994,8000.3453286604
Malta,MLT,1993,7296.35111127489
Malta,MLT,1992,8220.33403924666
Malta,MLT,1991,7558.75921583164
Malta,MLT,1990,7192.38994693962
Malta,MLT,1989,6040.84054229986
Malta,MLT,1988,5814.44775940093
Malta,MLT,1987,5083.80179308013
Malta,MLT,1986,4194.53480236296
Malta,MLT,1985,3322.30879632858
Malta,MLT,1984,3332.82018387922
Malta,MLT,1983,3526.91395139354
Malta,MLT,1982,3787.91647703123
Malta,MLT,1981,3898.36853997864
Malta,MLT,1980,3948.26572689504
Malta,MLT,1979,3195.51431611516
Malta,MLT,1978,2558.73455468428
Malta,MLT,1977,2037.8641908695
Malta,MLT,1976,1726.55944845303
Malta,MLT,1975,1560.10519115107
Malta,MLT,1974,1245.31823028606
Malta,MLT,1973,1143.66679643467
Malta,MLT,1972,975.720378043786
Malta,MLT,1971,874.061727024101
Malta,MLT,1970,828.44472588263
Netherlands,NLD,2024,67520.4218956281
Netherlands,NLD,2023,63515.6030780019
Netherlands,NLD,2022,59123.318556487
Netherlands,NLD,2021,60141.9880911492
Netherlands,NLD,2020,53467.9277413737
Netherlands,NLD,2019,53554.9007491475
Netherlands,NLD,2018,53955.0770024266
Netherlands,NLD,2017,49513.6817346384
Netherlands,NLD,2016,46808.5291492503
Netherlands,NLD,2015,45793.8135434697
Netherlands,NLD,2014,53457.2234864322
Netherlands,NLD,2013,52602.2860520766
Netherlands,NLD,2012,50473.9442002689
Netherlands,NLD,2011,54701.7728030611
Netherlands,NLD,2010,51305.7338533973
Netherlands,NLD,2009,53172.0261581418
Netherlands,NLD,2008,58246.7026905874
Netherlands,NLD,2007,52100.7996285947
Netherlands,NLD,2006,45123.5432406426
Netherlands,NLD,2005,42165.396168388
Netherlands,NLD,2004,40611.3414353091
Netherlands,NLD,2003,35896.7504630706
Netherlands,NLD,2002,29446.5330872868
Netherlands,NLD,2001,26955.7128032278
Netherlands,NLD,2000,26225.1697734149
Netherlands,NLD,1999,28318.7466538357
Netherlands,NLD,1998,27924.281808994
Netherlands,NLD,1997,26744.9601318097
Netherlands,NLD,1996,29063.6236532536
Netherlands,NLD,1995,29301.1940492376
Netherlands,NLD,1994,24682.5866742863
Netherlands,NLD,1993,23156.4404444568
Netherlands,NLD,1992,23939.2173482108
Netherlands,NLD,1991,21764.2144987258
Netherlands,NLD,1990,21322.1944802703
Netherlands,NLD,1989,17423.2961585523
Netherlands,NLD,1988,17770.6162376388
Netherlands,NLD,1987,16734.1514052316
Netherlands,NLD,1986,13804.1360603265
Netherlands,NLD,1985,9940.73843593795
Netherlands,NLD,1984,9991.84377655651
Netherlands,NLD,1983,10696.0774958682
Netherlands,NLD,1982,11088.9543150885
Netherlands,NLD,1981,11537.4026865092
Netherlands,NLD,1980,13812.1600098191
Netherlands,NLD,1979,12817.3790153401
Netherlands,NLD,1978,11195.8424872959
Netherlands,NLD,1977,9180.29918461772
Netherlands,NLD,1976,7937.35246713998
Netherlands,NLD,1975,7346.3047476862
Netherlands,NLD,1974,6450.45770236493
Netherlands,NLD,1973,5353.44265154981
Netherlands,NLD,1972,4110.49164551948
Netherlands,NLD,1971,3383.58715579996
Netherlands,NLD,1970,2931.38078026525
Netherlands,NLD,1969,2646.84581766825
Netherlands,NLD,1968,2364.3594192663
Netherlands,NLD,1967,2154.57969743046
Netherlands,NLD,1966,1986.2702443166
Netherlands,NLD,1965,1848.09801532427
Netherlands,NLD,1964,1668.33086114697
Netherlands,NLD,1963,1436.88726083934
Netherlands,NLD,1962,1342.36827187015
Netherlands,NLD,1961,1254.42028262131
Netherlands,NLD,1960,1156.38597727767
Poland,POL,2024,25103.565661423
Poland,POL,2023,22145.2660647429
Poland,POL,2022,18891.2121169279
Poland,POL,2021,18635.5104895754
Poland,POL,2020,16150.9304813473
Poland,POL,2019,15874.5220531254
Poland,POL,2018,15658.2120316794
Poland,POL,2017,13913.3402919927
Poland,POL,2016,12464.0110508476
Poland,POL,2015,12637.5220324406
Poland,POL,2014,14262.2841914116
Poland,POL,2013,13621.9023794031
Poland,POL,2012,13087.420943321
Poland,POL,2011,13867.6669408192
Poland,POL,2010,12567.7317676382
Poland,POL,2009,11556.3026866026
Poland,POL,2008,14048.5604672654
Poland,POL,2007,11272.5293683383
Poland,POL,2006,9068.85528307627
Poland,POL,2005,8043.92332253757
Poland,POL,2004,6711.72715262967
Poland,POL,2003,5720.81366178104
Poland,POL,2002,5223.45178967082
Poland,POL,2001,5015.23790036613
Poland,POL,2000,4520.64100449111
Poland,POL,1999,4415.50067547826
Poland,POL,1998,4533.5356551781
Poland,POL,1997,4137.00831823145
Poland,POL,1996,4163.51195431959
Poland,POL,1995,3700.95956775144
Poland,POL,1994,2874.83163555069
Poland,POL,1993,2497.13055936127
Poland,POL,1992,2459.02068468253
Poland,POL,1991,2235.54108862522
Poland,POL,1990,1731.2095094382
Portugal,PRT,2024,29292.242104753
Portugal,PRT,2023,27634.6183139773
Portugal,PRT,2022,24620.5197587181
Portugal,PRT,2021,24711.4510062111
Portugal,PRT,2020,22299.4044062173
Portugal,PRT,2019,23343.3628970034
Portugal,PRT,2018,23541.1401075289
Portugal,PRT,2017,21442.3842768879
Portugal,PRT,2016,19980.2808866516
Portugal,PRT,2015,19215.7813014347
Portugal,PRT,2014,22120.6850127107
Portugal,PRT,2013,21676.4859642714
Portugal,PRT,2012,20593.4274224109
Portugal,PRT,2011,23246.5425416481
Portugal,PRT,2010,22551.935098809
Portugal,PRT,2009,23151.2154130712
Portugal,PRT,2008,24949.0413566739
Portugal,PRT,2007,22811.0564844365
Portugal,PRT,2006,19839.4540499032
Portugal,PRT,2005,18780.12751241
Portugal,PRT,2004,18064.1580932987
Portugal,PRT,2003,15797.7821340276
Portugal,PRT,2002,12936.6928204482
Portugal,PRT,2001,11734.7649743954
Portugal,PRT,2000,11526.3720667968
Portugal,PRT,1999,12475.2917701476
Portugal,PRT,1998,12199.206385024
Portugal,PRT,1997,11575.5071124358
Portugal,PRT,1996,12185.0914010629
Portugal,PRT,1995,11781.3618502221
Portugal,PRT,1994,9977.31990905771
Portugal,PRT,1993,9534.6563637308
Portugal,PRT,1992,10810.5665079626
Portugal,PRT,1991,8958.9853330247
Portugal,PRT,1990,7884.61798756332
Portugal,PRT,1989,6056.38102771889
Portugal,PRT,1988,5623.69699982123
Portugal,PRT,1987,4803.86609546941
Portugal,PRT,1986,3861.9484333688
Portugal,PRT,1985,2705.19300197317
Portugal,PRT,1984,2522.74747620658
Portugal,PRT,1983,2735.49106580047
Portugal,PRT,1982,3079.94956634271
Portugal,PRT,1981,3245.97521367748
Portugal,PRT,1980,3368.36666940279
Portugal,PRT,1979,2755.6246177008
Portugal,PRT,1978,2457.31321644599
Portugal,PRT,1977,2267.37100319478
Portugal,PRT,1976,2173.28393425975
Portugal,PRT,1975,2127.6375072593
Portugal,PRT,1974,2000.41824574682
Portugal,PRT,1973,1747.98904060266
Portugal,PRT,1972,1302.2662677393
Portugal,PRT,1971,1064.53771257341
Portugal,PRT,1970,934.082156096117
Portugal,PRT,1969,832.130682107245
Portugal,PRT,1968,751.947085624465
Portugal,PRT,1967,676.386669887118
Portugal,PRT,1966,601.289222261876
Portugal,PRT,1965,544.71961987576
Portugal,PRT,1964,490.207385856289
Portugal,PRT,1963,452.280291618213
Portugal,PRT,1962,426.49433629823
Portugal,PRT,1961,400.223162057827
Portugal,PRT,1960,376.976430250874
Romania,ROU,2024,20080.2096215595
Romania,ROU,2023,18244.4186876321
Romania,ROU,2022,15503.551804598
Romania,ROU,2021,14907.9803652143
Romania,ROU,2020,13009.1770573223
Romania,ROU,2019,12909.6104013244
Romania,ROU,2018,12416.134317959
Romania,ROU,2017,10727.9822007426
Romania,ROU,2016,9404.54005870715
Romania,ROU,2015,8977.01748158196
Romania,ROU,2014,10031.7710755404
Romania,ROU,2013,9497.67411615237
Romania,ROU,2012,8929.95366231474
Romania,ROU,2011,9560.6755277458
Romania,ROU,2010,8399.5374234284
Romania,ROU,2009,8548.4543409242
Romania,ROU,2008,10435.1561230787
Romania,ROU,2007,8360.33775916596
Romania,ROU,2006,5757.53127301178
Romania,ROU,2005,4618.00350802913
Romania,ROU,2004,3494.99056448955
Romania,ROU,2003,2679.40626016154
Romania,ROU,2002,2119.85509684554
Romania,ROU,2001,1825.19299373184
Romania,ROU,2000,1659.92904910528
Romania,ROU,1999,1599.90622808339
Romania,ROU,1998,1852.5549693339
Romania,ROU,1997,1577.33656023974
Romania,ROU,1996,1633.01064354117
Romania,ROU,1995,1650.04922365201
Romania,ROU,1994,1323.03237766927
Romania,ROU,1993,1158.05632799712
Romania,ROU,1992,1102.10378473246
Romania,ROU,1991,1254.3124421298
Romania,ROU,1990,1648.48522974542
Romania,ROU,1989,1789.64455528113
Romania,ROU,1988,1753.19285632198
Romania,ROU,1987,1658.75873899995
Slovak Republic,SVK,2024,25992.6748502048
Slovak Republic,SVK,2023,24614.8734642794
Slovak Republic,SVK,2022,21317.7943982363
Slovak Republic,SVK,2021,22123.3342114545
Slovak Republic,SVK,2020,19735.4858280801
Slovak Republic,SVK,2019,19406.0589683582
Slovak Republic,SVK,2018,19573.3717031314
Slovak Republic,SVK,2017,17645.5298716761
Slovak Republic,SVK,2016,16636.0769133073
Slovak Republic,SVK,2015,16442.0760860018
Slovak Republic,SVK,2014,18770.9289896545
Slovak Republic,SVK,2013,18312.7805149823
Slovak Republic,SVK,2012,17516.9691054078
Slovak Republic,SVK,2011,18469.4354316836
Slovak Republic,SVK,2010,16899.448680529
Slovak Republic,SVK,2009,16586.7527805228
Slovak Republic,SVK,2008,18744.3192278346
Slovak Republic,SVK,2007,16110.4817265237
Slovak Republic,SVK,2006,13167.8954730379
Slovak Republic,SVK,2005,11641.5410321763
Slovak Republic,SVK,2004,10650.1290097126
Slovak Republic,SVK,2003,8675.39633696465
Slovak Republic,SVK,2002,6554.62808369461
Slovak Republic,SVK,2001,5712.47802761654
Slovak Republic,SVK,2000,5421.6448441887
Slovak Republic,SVK,1999,5651.62327514236
Slovak Republic,SVK,1998,5560.916177503
Slovak Republic,SVK,1997,5172.41757491248
Slovak Republic,SVK,1996,5247.70081044708
Slovak Republic,SVK,1995,4882.51158238228
Slovak Republic,SVK,1994,3820.96427542658
Slovak Republic,SVK,1993,3143.10143068756
Slovak Republic,SVK,1992,2959.33644860111
Slovak Republic,SVK,1991,2726.59305498582
Slovak Republic,SVK,1990,2437.17517010845
Slovenia,SVN,2024,34301.0318686594
Slovenia,SVN,2023,32660.4753581346
Slovenia,SVN,2022,28360.3041467268
Slovenia,SVN,2021,29192.8401933019
Slovenia,SVN,2020,25392.0651093612
Slovenia,SVN,2019,25814.1687167572
Slovenia,SVN,2018,25888.0481065655
Slovenia,SVN,2017,23303.077705959
Slovenia,SVN,2016,21447.8377796036
Slovenia,SVN,2015,20697.2748530619
Slovenia,SVN,2014,24013.0682060959
Slovenia,SVN,2013,23236.9655321695
Slovenia,SVN,2012,22442.1417859955
Slovenia,SVN,2011,24940.6284841605
Slovenia,SVN,2010,23329.8417691156
Slovenia,SVN,2009,24501.7897290425
Slovenia,SVN,2008,27461.9764165315
Slovenia,SVN,2007,23725.1596001515
Slovenia,SVN,2006,19563.005059144
Slovenia,SVN,2005,17969.7095907161
Slovenia,SVN,2004,17103.8297783905
Slovenia,SVN,2003,14711.674874253
Slovenia,SVN,2002,11639.1297780477
Slovenia,SVN,2001,10375.6255869861
Slovenia,SVN,2000,10135.7219109212
Slovenia,SVN,1999,11401.4906790909
Slovenia,SVN,1998,11131.5666628231
Slovenia,SVN,1997,10436.7260661871
Slovenia,SVN,1996,10796.7399446283
Slovenia,SVN,1995,10738.0887611468
Slovenia,SVN,1994,8243.89895545106
Slovenia,SVN,1993,7254.58887417768
Slovenia,SVN,1992,7151.15243829224
Slovenia,SVN,1991,7229.31149788617
Slovenia,SVN,1990,9925.14071044684
Sweden,SWE,2024,57117.4877440616
Sweden,SWE,2023,54950.2834725622
Sweden,SWE,2022,54836.8907235124
Sweden,SWE,2021,60647.5416365347
Sweden,SWE,2020,52568.5726980146
Sweden,SWE,2019,51648.9892820514
Sweden,SWE,2018,54018.4554391861
Sweden,SWE,2017,53210.2233318965
Sweden,SWE,2016,51703.5088332851
Sweden,SWE,2015,51188.1652120493
Sweden,SWE,2014,59583.4584491714
Sweden,SWE,2013,60843.9888799369
Sweden,SWE,2012,57749.5615420853
Sweden,SWE,2011,60379.4814599322
Sweden,SWE,2010,52542.5759090299
Sweden,SWE,2009,46707.6425044751
Sweden,SWE,2008,55817.1759726485
Sweden,SWE,2007,53568.3057787832
Sweden,SWE,2006,46531.3762240485
Sweden,SWE,2005,43378.4077394363
Sweden,SWE,2004,42758.0048564929
Sweden,SWE,2003,37292.2419727801
Sweden,SWE,2002,29957.7776664916
Sweden,SWE,2001,27259.3174300217
Sweden,SWE,2000,29632.5890811623
Sweden,SWE,1999,30968.8710702052
Sweden,SWE,1998,30605.3669074811
Sweden,SWE,1997,30324.1845796306
Sweden,SWE,1996,33022.2444768661
Sweden,SWE,1995,30254.0273028727
Sweden,SWE,1994,26045.5196995275
Sweden,SWE,1993,24389.8738124128
Sweden,SWE,1992,32753.4287003642
Sweden,SWE,1991,31776.6680192213
Sweden,SWE,1990,30549.3185706762
Sweden,SWE,1989,25625.0162127747
Sweden,SWE,1988,24499.1240758517
Sweden,SWE,1987,21760.9646490625
Sweden,SWE,1986,17954.9510185679
Sweden,SWE,1985,13647.0439039697
Sweden,SWE,1984,13080.0302290066
Sweden,SWE,1983,12589.950077442
Sweden,SWE,1982,13719.0538964279
Sweden,SWE,1981,15563.8332773497
Sweden,SWE,1980,17073.0446711494
Sweden,SWE,1979,14855.5957561141
Sweden,SWE,1978,12602.2217238449
Sweden,SWE,1977,11432.0214920218
Sweden,SWE,1976,10852.5192441428
Sweden,SWE,1975,10102.6388909372
Sweden,SWE,1974,8078.18604272449
Sweden,SWE,1973,7290.6303239401
Sweden,SWE,1972,6018.39052977191
Sweden,SWE,1971,5125.27034757101
Sweden,SWE,1970,4729.35071602705
Sweden,SWE,1969,4262.92603293035
Sweden,SWE,1968,3953.08297234501
Sweden,SWE,1967,3746.2048797826
Sweden,SWE,1966,3477.89737890027
Sweden,SWE,1965,3227.87974049912
Sweden,SWE,1964,2961.02884624727
Sweden,SWE,1963,2675.07291656901
Sweden,SWE,1962,2485.46561781218
Sweden,SWE,1961,2304.47143531351
Sweden,SWE,1960,2128.36441205712
