countryName,country,year,value
Austria,AUT,2023,110.661185167232
Austria,AUT,2022,109.571631119729
Austria,AUT,2021,108.528805138148
Austria,AUT,2020,108.057004362579
Austria,AUT,2019,107.609306834707
Austria,AUT,2018,107.131858943286
Austria,AUT,2017,106.61131846825
Austria,AUT,2016,105.873339796413
Austria,AUT,2015,104.734597673291
Austria,AUT,2014,103.567086766844
Austria,AUT,2013,102.760821619001
Austria,AUT,2012,102.156943771207
Austria,AUT,2011,101.692232186137
Austria,AUT,2010,101.350024236549
Austria,AUT,2009,101.106677169171
Austria,AUT,2008,100.842171594765
Austria,AUT,2007,100.526987396995
Austria,AUT,2006,100.201660203587
Austria,AUT,2005,99.7070891904993
Austria,AUT,2004,99.0301260300533
Austria,AUT,2003,98.4176320891905
Austria,AUT,2002,97.9393722733883
Austria,AUT,2001,97.4587130392632
Austria,AUT,2000,97.0863548230732
Austria,AUT,1999,96.8531749878817
Austria,AUT,1998,96.6649175957344
Austria,AUT,1997,96.5589069316529
Austria,AUT,1996,96.4495516238488
Austria,AUT,1995,96.3194134755211
Austria,AUT,1994,96.1720552593311
Austria,AUT,1993,95.8026296655356
Austria,AUT,1992,95.0158628211343
Austria,AUT,1991,93.9758967523025
Austria,AUT,1990,93.0422927775085
Austria,AUT,1989,92.3360033931168
Austria,AUT,1988,91.9209524963645
Austria,AUT,1987,91.7909112942317
Austria,AUT,1986,91.7328405235095
Austria,AUT,1985,91.6745637421231
Austria,AUT,1984,91.6315317498788
Austria,AUT,1983,91.6373000484731
Austria,AUT,1982,91.7855065438682
Austria,AUT,1981,91.7197043141057
Austria,AUT,1980,91.4861003393117
Austria,AUT,1979,91.4860033931168
Austria,AUT,1978,91.6420867668444
Austria,AUT,1977,91.7163111972855
Austria,AUT,1976,91.6811076102763
Austria,AUT,1975,91.843225884634
Austria,AUT,1974,92.0872273388269
Austria,AUT,1973,91.930622879302
Austria,AUT,1972,91.422697527872
Austria,AUT,1971,90.8928986912264
Austria,AUT,1970,90.4881968007756
Austria,AUT,1969,90.1727460009695
Austria,AUT,1968,89.8618880271449
Austria,AUT,1967,89.3964857004363
Austria,AUT,1966,88.7308046534174
Austria,AUT,1965,88.1106277266117
Austria,AUT,1964,87.5400024236549
Austria,AUT,1963,86.9584464372273
Austria,AUT,1962,86.4016480853127
Austria,AUT,1961,85.8737154629181
Belgium,BEL,2023,386.303731881682
Belgium,BEL,2022,383.033055683085
Belgium,BEL,2021,379.949990161999
Belgium,BEL,2020,378.38932248967
Belgium,BEL,2019,376.761985964452
Belgium,BEL,2018,374.74351490506
Belgium,BEL,2017,375.009329772855
Belgium,BEL,2016,373.567467774371
Belgium,BEL,2015,371.680875614018
Belgium,BEL,2014,369.533412455082
Belgium,BEL,2013,367.896581281113
Belgium,BEL,2012,366.166617215574
Belgium,BEL,2011,363.902812118814
Belgium,BEL,2010,359.199090099891
Belgium,BEL,2009,355.932252002769
Belgium,BEL,2008,353.079912966077
Belgium,BEL,2007,350.301651666502
Belgium,BEL,2006,347.738700425279
Belgium,BEL,2005,345.452708271519
Belgium,BEL,2004,343.557742392774
Belgium,BEL,2003,342.074077737118
Belgium,BEL,2002,340.64500708799
Belgium,BEL,2001,339.121418916691
Belgium,BEL,2000,337.957010516599
Bulgaria,BGR,2023,59.3827929255711
Bulgaria,BGR,2022,59.5532148120855
Bulgaria,BGR,2021,59.9419767870302
Bulgaria,BGR,2020,60.3417096536478
Bulgaria,BGR,2019,60.9499447310243
Bulgaria,BGR,2018,61.816488577745
Bulgaria,BGR,2017,62.6701179071481
Bulgaria,BGR,2016,63.5053334561533
Bulgaria,BGR,2015,64.3351602800295
Bulgaria,BGR,2014,65.1581798084009
Bulgaria,BGR,2013,65.9543570375829
Bulgaria,BGR,2012,67.2981577008106
Bulgaria,BGR,2011,67.6890935887988
Bulgaria,BGR,2010,68.1245302137067
Bulgaria,BGR,2009,68.5744565217391
Bulgaria,BGR,2008,68.98592210662
Bulgaria,BGR,2007,69.4718534204953
Bulgaria,BGR,2006,69.9716652858326
Bulgaria,BGR,2005,70.4986377025037
Bulgaria,BGR,2004,70.953107760206
Bulgaria,BGR,2003,71.4841132665257
Bulgaria,BGR,2002,72.0327297794118
Bulgaria,BGR,2001,72.3957516044473
Bulgaria,BGR,2000,73.8513242339329
Bulgaria,BGR,1999,74.216975503932
Bulgaria,BGR,1998,74.6342402603272
Bulgaria,BGR,1997,75.1339419687246
Bulgaria,BGR,1996,75.5927506101419
Bulgaria,BGR,1995,75.9836120401338
Bulgaria,BGR,1994,76.3227967097532
Bulgaria,BGR,1993,76.5824188737232
Bulgaria,BGR,1992,77.1957335261683
Bulgaria,BGR,1991,78.0291693030823
Bulgaria,BGR,1990,78.8058302449607
Bulgaria,BGR,1989,80.2401880141011
Bulgaria,BGR,1988,81.1845430714996
Bulgaria,BGR,1987,81.0933652716261
Bulgaria,BGR,1986,80.9741571002441
Bulgaria,BGR,1985,80.9956340956341
Bulgaria,BGR,1984,80.9968272620446
Bulgaria,BGR,1983,80.8075386423212
Bulgaria,BGR,1982,80.6061375757028
Bulgaria,BGR,1981,80.3680466419597
Bulgaria,BGR,1980,80.1006508180421
Bulgaria,BGR,1979,79.7789026484679
Bulgaria,BGR,1978,79.6712645756124
Bulgaria,BGR,1977,79.5822380909337
Bulgaria,BGR,1976,79.1701979571545
Bulgaria,BGR,1975,78.8280032540902
Bulgaria,BGR,1974,78.4483865136039
Bulgaria,BGR,1973,77.9261231130796
Bulgaria,BGR,1972,77.5214679562506
Bulgaria,BGR,1971,77.1616650094911
Bulgaria,BGR,1970,76.7384434601826
Bulgaria,BGR,1969,76.2376570550484
Bulgaria,BGR,1968,75.6540088583567
Bulgaria,BGR,1967,75.1172918738136
Bulgaria,BGR,1966,74.6457290065986
Bulgaria,BGR,1965,74.1586188194884
Bulgaria,BGR,1964,73.6178251830426
Bulgaria,BGR,1963,73.0194793455663
Bulgaria,BGR,1962,72.4301364910061
Bulgaria,BGR,1961,71.798951459821
Cyprus,CYP,2023,145.560173160173
Cyprus,CYP,2022,144.087662337662
Cyprus,CYP,2021,142.565909090909
Cyprus,CYP,2020,140.935822510823
Cyprus,CYP,2019,139.250108225108
Cyprus,CYP,2018,137.525649350649
Cyprus,CYP,2017,135.744047619048
Cyprus,CYP,2016,133.88658008658
Cyprus,CYP,2015,131.980735930736
Cyprus,CYP,2014,130.065043290043
Cyprus,CYP,2013,128.127164502165
Cyprus,CYP,2012,126.125216450216
Cyprus,CYP,2011,124.079329004329
Cyprus,CYP,2010,122.058008658009
Cyprus,CYP,2009,120.061796536797
Cyprus,CYP,2008,118.076406926407
Cyprus,CYP,2007,116.094588744589
Cyprus,CYP,2006,114.114502164502
Cyprus,CYP,2005,112.137554112554
Cyprus,CYP,2004,110.159632034632
Cyprus,CYP,2003,108.180735930736
Cyprus,CYP,2002,106.21645021645
Cyprus,CYP,2001,104.342748917749
Cyprus,CYP,2000,102.561363636364
Cyprus,CYP,1999,100.7829004329
Cyprus,CYP,1998,98.9770562770563
Cyprus,CYP,1997,97.1393939393939
Cyprus,CYP,1996,95.2694805194805
Cyprus,CYP,1995,93.3652597402597
Cyprus,CYP,1994,91.4141774891775
Cyprus,CYP,1993,89.397619047619
Cyprus,CYP,1992,87.6992424242424
Cyprus,CYP,1991,86.4658008658009
Cyprus,CYP,1990,85.3193722943723
Cyprus,CYP,1989,84.1363636363636
Cyprus,CYP,1988,82.9258658008658
Cyprus,CYP,1987,81.6866883116883
Cyprus,CYP,1986,80.4226190476191
Cyprus,CYP,1985,79.1425324675325
Cyprus,CYP,1984,77.85
Cyprus,CYP,1983,76.5395021645022
Cyprus,CYP,1982,75.3784632034632
Cyprus,CYP,1981,74.5555194805195
Cyprus,CYP,1980,73.925974025974
Cyprus,CYP,1979,73.3278138528138
Cyprus,CYP,1978,72.7542207792208
Cyprus,CYP,1977,72.1970779220779
Cyprus,CYP,1976,71.6484848484849
Cyprus,CYP,1975,71.3641774891775
Cyprus,CYP,1974,71.7807359307359
Cyprus,CYP,1973,72.0711038961039
Cyprus,CYP,1972,71.5436147186147
Cyprus,CYP,1971,70.784632034632
Cyprus,CYP,1970,70.0699134199134
Cyprus,CYP,1969,69.3927489177489
Cyprus,CYP,1968,68.7399350649351
Cyprus,CYP,1967,68.1007575757576
Cyprus,CYP,1966,67.4664502164502
Cyprus,CYP,1965,66.8545454545455
Cyprus,CYP,1964,66.2901515151515
Cyprus,CYP,1963,65.7199134199134
Cyprus,CYP,1962,65.0937229437229
Cyprus,CYP,1961,64.4495670995671
Czechia,CZE,2023,140.785547662605
Czechia,CZE,2022,138.290511305111
Czechia,CZE,2021,136.108349053848
Czechia,CZE,2020,138.575928842168
Czechia,CZE,2019,138.226810266108
Czechia,CZE,2018,137.675534257221
Czechia,CZE,2017,137.21587877218
Czechia,CZE,2016,136.851858567543
Czechia,CZE,2015,136.589288952208
Czechia,CZE,2014,136.30337995338
Czechia,CZE,2013,136.159958559959
Czechia,CZE,2012,136.097177262722
Czechia,CZE,2011,135.90687556649
Czechia,CZE,2010,135.626181535673
Czechia,CZE,2009,135.214085965821
Czechia,CZE,2008,134.445921802175
Czechia,CZE,2007,133.318161812298
Czechia,CZE,2006,132.542459546926
Czechia,CZE,2005,132.166916903961
Czechia,CZE,2004,131.984222107171
Czechia,CZE,2003,131.926983305293
Czechia,CZE,2002,131.96474699107
Czechia,CZE,2001,132.219554807817
Czechia,CZE,2000,132.717264138734
Czechia,CZE,1999,133.089944350977
Czechia,CZE,1998,133.225999741167
Czechia,CZE,1997,133.352284198266
Czechia,CZE,1996,133.496065743497
Czechia,CZE,1995,133.651520641905
Czechia,CZE,1994,133.73349294681
Czechia,CZE,1993,133.68519477158
Germany,DEU,2023,238.351810090719
Germany,DEU,2022,238.086252003664
Germany,DEU,2021,238.118085806692
Germany,DEU,2020,238.017318755545
Germany,DEU,2019,237.822954291766
Germany,DEU,2018,237.294012250272
Germany,DEU,2017,236.588722557747
Germany,DEU,2016,235.712929356538
Germany,DEU,2015,234.152986871524
Germany,DEU,2014,232.108053883634
Germany,DEU,2013,231.155712565925
Germany,DEU,2012,230.750625466231
Germany,DEU,2011,230.304633348634
Germany,DEU,2010,234.606908225034
Germany,DEU,2009,234.939637417171
Germany,DEU,2008,235.522178240542
Germany,DEU,2007,235.943361918146
Germany,DEU,2006,236.225197866483
Germany,DEU,2005,236.464680582636
Germany,DEU,2004,236.592195429653
Germany,DEU,2003,236.616427281328
Germany,DEU,2002,236.451570830706
Germany,DEU,2001,236.027300085985
Germany,DEU,2000,235.596813297034
Germany,DEU,1999,235.257731102069
Germany,DEU,1998,235.078777720474
Germany,DEU,1997,235.022979515829
Germany,DEU,1996,234.652470709559
Germany,DEU,1995,233.967490690347
Germany,DEU,1994,233.274177193435
Germany,DEU,1993,232.459793194317
Germany,DEU,1992,230.930020336264
Germany,DEU,1991,229.18080944061
Germany,DEU,1990,227.517053819494
Germany,DEU,1989,225.564354251998
Germany,DEU,1988,223.826709248704
Germany,DEU,1987,222.953971300089
Germany,DEU,1986,222.611737748117
Germany,DEU,1985,222.50987597743
Germany,DEU,1984,223.007719187695
Germany,DEU,1983,223.77991579068
Germany,DEU,1982,224.367330220835
Germany,DEU,1981,224.580835218973
Germany,DEU,1980,224.239039899178
Germany,DEU,1979,223.774382035345
Germany,DEU,1978,223.675479047919
Germany,DEU,1977,223.870231718844
Germany,DEU,1976,224.377595737977
Germany,DEU,1975,225.341717984705
Germany,DEU,1974,226.183464612036
Germany,DEU,1973,226.095339844757
Germany,DEU,1972,225.384389768854
Germany,DEU,1971,224.308544095323
Germany,DEU,1970,223.897370606937
Germany,DEU,1969,223.153787987283
Germany,DEU,1968,221.391212442357
Germany,DEU,1967,220.408833385845
Germany,DEU,1966,219.403405608226
Germany,DEU,1965,217.579970211669
Germany,DEU,1964,215.731495431501
Germany,DEU,1963,214.001526651963
Germany,DEU,1962,212.029284220777
Germany,DEU,1961,210.172806690917
Denmark,DNK,2023,148.6738
Denmark,DNK,2022,147.575925
Denmark,DNK,2021,146.418325
Denmark,DNK,2020,145.7851
Denmark,DNK,2019,145.36055
Denmark,DNK,2018,144.8409
Denmark,DNK,2017,144.1245
Denmark,DNK,2016,143.20025
Denmark,DNK,2015,142.087075
Denmark,DNK,2014,141.086875
Denmark,DNK,2013,140.3733
Denmark,DNK,2012,139.7893
Denmark,DNK,2011,139.2643
Denmark,DNK,2010,138.692075
Denmark,DNK,2009,138.077375
Denmark,DNK,2008,137.340525
Denmark,DNK,2007,136.53595
Denmark,DNK,2006,135.9318
Denmark,DNK,2005,135.4858
Denmark,DNK,2004,135.113075
Denmark,DNK,2003,134.76435
Denmark,DNK,2002,134.398275
Denmark,DNK,2001,133.969575
Denmark,DNK,2000,133.4904
Denmark,DNK,1999,133.044975
Denmark,DNK,1998,132.605475
Denmark,DNK,1997,132.124775
Denmark,DNK,1996,131.57685
Denmark,DNK,1995,130.834325
Denmark,DNK,1994,130.1545
Denmark,DNK,1993,129.7157
Denmark,DNK,1992,129.28425
Denmark,DNK,1991,128.85745
Denmark,DNK,1990,128.523475
Denmark,DNK,1989,128.31485
Denmark,DNK,1988,128.2379
Denmark,DNK,1987,128.1756
Denmark,DNK,1986,128.01335
Denmark,DNK,1985,127.842275
Denmark,DNK,1984,127.790475
Denmark,DNK,1983,127.857425
Denmark,DNK,1982,127.94525
Denmark,DNK,1981,128.0393
Denmark,DNK,1980,128.075675
Denmark,DNK,1979,127.920025
Denmark,DNK,1978,127.6062
Denmark,DNK,1977,127.210475
Denmark,DNK,1976,126.8149
Denmark,DNK,1975,126.49655
Denmark,DNK,1974,126.132425
Denmark,DNK,1973,125.546525
Denmark,DNK,1972,124.7899
Denmark,DNK,1971,124.07815
Denmark,DNK,1970,123.218925
Denmark,DNK,1969,122.2965
Denmark,DNK,1968,121.622075
Denmark,DNK,1967,120.88385
Denmark,DNK,1966,119.934525
Denmark,DNK,1965,118.9753
Denmark,DNK,1964,118.0518
Denmark,DNK,1963,117.112075
Denmark,DNK,1962,116.193175
Denmark,DNK,1961,115.292175
Spain,ESP,2023,96.7636173412149
Spain,ESP,2022,95.626963633201
Spain,ESP,2021,94.9382927184248
Spain,ESP,2020,94.802910688937
Spain,ESP,2019,94.3181087826492
Spain,ESP,2018,93.638281089712
Spain,ESP,2017,93.2268622784207
Spain,ESP,2016,92.9973717081295
Spain,ESP,2015,92.907597351004
Spain,ESP,2014,92.8824553687451
Spain,ESP,2013,93.169262909578
Spain,ESP,2012,93.5068371284061
Spain,ESP,2011,93.5078358806114
Spain,ESP,2010,93.1519309613808
Spain,ESP,2009,92.9750651746681
Spain,ESP,2008,92.1293223736969
Spain,ESP,2007,90.6149005229308
Spain,ESP,2006,88.9761493446631
Spain,ESP,2005,87.4654972049129
Spain,ESP,2004,85.9848050803317
Spain,ESP,2003,84.5088139260031
Spain,ESP,2002,83.0225192369349
Spain,ESP,2001,81.9433763941266
Spain,ESP,2000,81.2983246492986
Spain,ESP,1999,80.8643180362005
Spain,ESP,1998,80.5372196860484
Spain,ESP,1997,80.2046071600192
Spain,ESP,1996,79.8691574563511
Spain,ESP,1995,79.5371816434406
Spain,ESP,1994,79.1869053339741
Spain,ESP,1993,78.8107920871376
Spain,ESP,1992,78.403181563351
Spain,ESP,1991,78.0201345506968
Spain,ESP,1990,77.8218044209515
Spain,ESP,1989,77.7425997116771
Spain,ESP,1988,77.6208133109082
Spain,ESP,1987,77.4563811468845
Spain,ESP,1986,77.2557744674035
Spain,ESP,1985,77.0252923274067
Spain,ESP,1984,76.7466842864008
Spain,ESP,1983,76.4301804056625
Spain,ESP,1982,76.0541624954951
Spain,ESP,1981,75.5989088215272
Spain,ESP,1980,75.0618956093459
Spain,ESP,1979,74.4511550626576
Spain,ESP,1978,73.7991672171841
Spain,ESP,1977,73.0905192777355
Spain,ESP,1976,72.3378345377024
Spain,ESP,1975,71.5687608830535
Spain,ESP,1974,70.7820610305153
Spain,ESP,1973,70.0086978270439
Spain,ESP,1972,69.2394033374685
Spain,ESP,1971,68.4791108087558
Spain,ESP,1970,67.6588318860299
Spain,ESP,1969,66.9115490815959
Spain,ESP,1968,66.2554203849694
Spain,ESP,1967,65.3946676537677
Spain,ESP,1966,64.5948097162752
Spain,ESP,1965,63.9367161551083
Spain,ESP,1964,63.2462183360679
Spain,ESP,1963,62.6208551762776
Spain,ESP,1962,62.074044579615
Spain,ESP,1961,61.5055624474769
Estonia,EST,2023,32.0684764802247
Estonia,EST,2022,31.5665808565411
Estonia,EST,2021,31.1329122807018
Estonia,EST,2020,31.0999298245614
Estonia,EST,2019,31.0385497076023
Estonia,EST,2018,30.9234385964912
Estonia,EST,2017,30.816
Estonia,EST,2016,30.2689210950081
Estonia,EST,2015,30.26011042098
Estonia,EST,2014,30.2402806533241
Estonia,EST,2013,30.3196917414309
Estonia,EST,2012,31.2030195800896
Estonia,EST,2011,31.3149091766926
Estonia,EST,2010,31.4101203113942
Estonia,EST,2009,31.4818353385232
Estonia,EST,2008,31.5425807973579
Estonia,EST,2007,31.6272705826846
Estonia,EST,2006,31.7718801604152
Estonia,EST,2005,31.9597782495872
Estonia,EST,2004,32.1431941495636
Estonia,EST,2003,32.3359282849729
Estonia,EST,2002,32.5395140363293
Estonia,EST,2001,32.7462845010616
Estonia,EST,2000,32.9555319650861
Estonia,EST,1999,32.7965086105214
Estonia,EST,1998,32.7000707714083
Estonia,EST,1997,33.0156876621845
Estonia,EST,1996,33.3945270110875
Estonia,EST,1995,33.8908704883227
Estonia,EST,1994,34.5013918376976
Estonia,EST,1993,35.2471809389007
Estonia,EST,1992,36.1663364000944
Finland,FIN,2023,18.3705454665088
Finland,FIN,2022,18.2798093224591
Finland,FIN,2021,18.2301659134121
Finland,FIN,2020,18.1928768835954
Finland,FIN,2019,18.1673609054717
Finland,FIN,2018,18.1479501184522
Finland,FIN,2017,18.1238944459068
Finland,FIN,2016,18.0820078312658
Finland,FIN,2015,18.0301108880919
Finland,FIN,2014,17.9720030274112
Finland,FIN,2013,17.8978314521702
Finland,FIN,2012,17.8155615518773
Finland,FIN,2011,17.7309947678436
Finland,FIN,2010,17.6484106614018
Finland,FIN,2009,17.5678545574202
Finland,FIN,2008,17.4840375123396
Finland,FIN,2007,17.3919563287185
Finland,FIN,2006,17.3169839860577
Finland,FIN,2005,17.2234676122
Finland,FIN,2004,17.1646212941988
Finland,FIN,2003,17.1148560359828
Finland,FIN,2002,17.0740930431071
Finland,FIN,2001,17.0327587905053
Finland,FIN,2000,16.9940214714863
Finland,FIN,1999,16.9587773728619
Finland,FIN,1998,16.9194589448111
Finland,FIN,1997,16.8746019238977
Finland,FIN,1996,16.8244952230868
Finland,FIN,1995,16.7693949243245
Finland,FIN,1994,16.7055156111494
Finland,FIN,1993,16.6336616435208
Finland,FIN,1992,16.5533733871762
Finland,FIN,1991,16.4606191930136
Finland,FIN,1990,16.3709609639187
Finland,FIN,1989,16.2985357365639
Finland,FIN,1988,16.2398010440264
Finland,FIN,1987,16.1926622673102
Finland,FIN,1986,16.1468006172232
Finland,FIN,1985,16.0944417085262
Finland,FIN,1984,16.0274565809777
Finland,FIN,1983,15.9420434026068
Finland,FIN,1982,15.8473127811156
Finland,FIN,1981,15.7587708066581
Finland,FIN,1980,15.6917003184609
Finland,FIN,1979,15.6429626711317
Finland,FIN,1978,15.6030335861322
Finland,FIN,1977,15.5582980399882
Finland,FIN,1976,15.5148363373715
Finland,FIN,1975,15.4681374963065
Finland,FIN,1974,15.39963229259
Finland,FIN,1973,15.3192192783742
Finland,FIN,1972,15.2324665944384
Finland,FIN,1971,15.1420729505237
Finland,FIN,1970,15.1229751469188
Finland,FIN,1969,15.180357201484
Finland,FIN,1968,15.1891690469155
Finland,FIN,1967,15.1211267605634
Finland,FIN,1966,15.0394596014314
Finland,FIN,1965,14.9831970846055
Finland,FIN,1964,14.9333300502315
Finland,FIN,1963,14.8504842575265
Finland,FIN,1962,14.7458649331889
Finland,FIN,1961,14.6459338783282
France,FRA,2023,126.862020595603
France,FRA,2022,126.513511457464
France,FRA,2021,125.879601076167
France,FRA,2020,125.431134613601
France,FRA,2019,125.024698023935
France,FRA,2018,124.609607570276
France,FRA,2017,124.163688653864
France,FRA,2016,123.803885332591
France,FRA,2015,123.477636144355
France,FRA,2014,123.039367288246
France,FRA,2013,122.456502458484
France,FRA,2012,121.825139623342
France,FRA,2011,121.237276185175
France,FRA,2010,120.653513312923
France,FRA,2009,120.060183690509
France,FRA,2008,119.445432785973
France,FRA,2007,118.780758883013
France,FRA,2006,118.048690973189
France,FRA,2005,117.229527785509
France,FRA,2004,116.351401799796
France,FRA,2003,115.50209666945
France,FRA,2002,114.6899378421
France,FRA,2001,113.859127933946
France,FRA,2000,113.032119862696
France,FRA,1999,112.258996196308
France,FRA,1998,111.681387883848
France,FRA,1997,111.268329158549
France,FRA,1996,110.872073476204
France,FRA,1995,110.476470915669
France,FRA,1994,110.074891919473
France,FRA,1993,109.663408479451
France,FRA,1992,109.187464514333
France,FRA,1991,108.645035717599
France,FRA,1990,108.10095927266
France,FRA,1989,107.51101586418
France,FRA,1988,106.871112348084
France,FRA,1987,106.255064477224
France,FRA,1986,105.679565822433
France,FRA,1985,105.140771871231
France,FRA,1984,104.616541423138
France,FRA,1983,104.106744595974
France,FRA,1982,103.54724742555
France,FRA,1981,103.169780128027
France,FRA,1980,102.559020317284
France,FRA,1979,102.012897300306
France,FRA,1978,101.556786343817
France,FRA,1977,101.097443176547
France,FRA,1976,100.626000556638
France,FRA,1975,100.20011689396
France,FRA,1974,99.7245959736525
France,FRA,1973,99.0670025048706
France,FRA,1972,98.2695166527507
France,FRA,1971,97.4108043417757
France,FRA,1970,96.4972056777066
France,FRA,1969,95.6229965673996
France,FRA,1968,94.8380740328416
France,FRA,1967,94.1140940718063
France,FRA,1966,93.3512143983672
France,FRA,1965,92.5461081732999
France,FRA,1964,91.6624770386863
France,FRA,1963,90.6903553205307
France,FRA,1962,89.784796363299
France,FRA,1961,88.8876185174877
Greece,GRC,2023,80.7397284716835
Greece,GRC,2022,80.968828549263
Greece,GRC,2021,81.9953995345229
Greece,GRC,2020,82.999216446858
Greece,GRC,2019,83.1775174553918
Greece,GRC,2018,83.2651823118697
Greece,GRC,2017,83.4342823894492
Greece,GRC,2016,83.5994647013189
Greece,GRC,2015,83.947889837083
Greece,GRC,2014,84.5028161365399
Greece,GRC,2013,85.067579519007
Greece,GRC,2012,85.6866640806827
Greece,GRC,2011,86.1512723041117
Greece,GRC,2010,86.278828549263
Greece,GRC,2009,86.1677036462374
Greece,GRC,2008,85.9413576415826
Greece,GRC,2007,85.7135221101629
Greece,GRC,2006,85.4954383242824
Greece,GRC,2005,85.2390535298681
Greece,GRC,2004,84.9894569433669
Greece,GRC,2003,84.7794414274632
Greece,GRC,2002,84.5773622963538
Greece,GRC,2001,84.2678975950349
Greece,GRC,2000,83.83093871218
Greece,GRC,1999,83.4887354538402
Greece,GRC,1998,83.1691931730023
Greece,GRC,1997,82.709534522886
Greece,GRC,1996,82.3025601241272
Greece,GRC,1995,81.9406749418154
Greece,GRC,1994,81.5587432117921
Greece,GRC,1993,81.1513964313421
Greece,GRC,1992,80.6754150504267
Greece,GRC,1991,80.0614972847168
Greece,GRC,1990,79.1062218774244
Greece,GRC,1989,78.2738401861908
Greece,GRC,1988,77.8664313421257
Greece,GRC,1987,77.5841349883631
Greece,GRC,1986,77.325159038014
Greece,GRC,1985,77.0698215671063
Greece,GRC,1984,76.7711481768813
Greece,GRC,1983,76.3896586501164
Greece,GRC,1982,75.9465709852599
Greece,GRC,1981,75.4798293250582
Greece,GRC,1980,74.8060899922421
Greece,GRC,1979,74.0749262994569
Greece,GRC,1978,73.1571683475563
Greece,GRC,1977,72.2147323506594
Greece,GRC,1976,71.2812257564003
Greece,GRC,1975,70.1826299456943
Greece,GRC,1974,69.5269356089992
Greece,GRC,1973,69.2714197051978
Greece,GRC,1972,68.9575484871994
Greece,GRC,1971,68.5107525213344
Greece,GRC,1970,68.2141660201707
Greece,GRC,1969,68.0586811481769
Greece,GRC,1968,67.8104344453064
Greece,GRC,1967,67.3707370054306
Greece,GRC,1966,66.8242901474011
Greece,GRC,1965,66.3330721489527
Greece,GRC,1964,66.0234988363072
Greece,GRC,1963,65.7845228859581
Greece,GRC,1962,65.5409852598914
Greece,GRC,1961,65.1516679596587
Croatia,HRV,2023,68.9722301644031
Croatia,HRV,2022,68.8999463902788
Croatia,HRV,2021,69.3170300214439
Croatia,HRV,2020,69.946497498213
Croatia,HRV,2019,70.5701879779859
Croatia,HRV,2018,71.2739439639768
Croatia,HRV,2017,72.2144056893717
Croatia,HRV,2016,73.3840861982703
Croatia,HRV,2015,74.1856371953399
Croatia,HRV,2014,75.0767993710242
Croatia,HRV,2013,75.6543849617611
Croatia,HRV,2012,76.1269387463369
Croatia,HRV,2011,76.4888499749839
Croatia,HRV,2010,76.7533950396684
Croatia,HRV,2009,76.927685655064
Croatia,HRV,2008,77.0085233364306
Croatia,HRV,2007,77.0176720749053
Croatia,HRV,2006,77.0345043242084
Croatia,HRV,2005,77.0163855335573
Croatia,HRV,2004,76.9173039811307
Croatia,HRV,2003,76.8958437567007
Croatia,HRV,2002,76.9454499928459
Croatia,HRV,2001,76.9001645442839
Croatia,HRV,2000,79.9166905136643
Croatia,HRV,1999,80.7118046861027
Croatia,HRV,1998,81.0612591665176
Croatia,HRV,1997,81.0096463022508
Croatia,HRV,1996,81.4058056448732
Croatia,HRV,1995,82.633339295296
Croatia,HRV,1994,83.2055803970667
Croatia,HRV,1993,82.2833661241281
Croatia,HRV,1992,81.8425684135217
Hungary,HUN,2023,105.108327854482
Hungary,HUN,2022,105.249550734166
Hungary,HUN,2021,105.532895025203
Hungary,HUN,2020,105.965581854043
Hungary,HUN,2019,106.233004602235
Hungary,HUN,2018,106.366031119877
Hungary,HUN,2017,106.582905982906
Hungary,HUN,2016,106.944499232961
Hungary,HUN,2015,107.360891957046
Hungary,HUN,2014,107.747512601359
Hungary,HUN,2013,109.05483265216
Hungary,HUN,2012,109.580934496852
Hungary,HUN,2011,110.148315475533
Hungary,HUN,2010,110.460874848117
Hungary,HUN,2009,110.710814094775
Hungary,HUN,2008,112.020845887736
Hungary,HUN,2007,112.217163263029
Hungary,HUN,2006,112.391139381765
Hungary,HUN,2005,112.566287244727
Hungary,HUN,2004,112.777795135015
Hungary,HUN,2003,113.027806293238
Hungary,HUN,2002,113.352019638474
Hungary,HUN,2001,113.675251060031
Hungary,HUN,2000,113.936297701406
Hungary,HUN,1999,114.003674832962
Hungary,HUN,1998,114.32706013363
Hungary,HUN,1997,114.593385300668
Hungary,HUN,1996,114.747807700868
Hungary,HUN,1995,114.945081237481
Hungary,HUN,1994,115.105219229913
Hungary,HUN,1993,115.262886712664
Hungary,HUN,1992,115.381562256593
Hungary,HUN,1991,115.426727495271
Hungary,HUN,1990,115.433270279292
Hungary,HUN,1989,116.632012907533
Hungary,HUN,1988,117.90905752754
Hungary,HUN,1987,118.076780151313
Hungary,HUN,1986,118.27507788162
Hungary,HUN,1985,118.477002670227
Hungary,HUN,1984,118.692645749889
Hungary,HUN,1983,118.930384957721
Hungary,HUN,1982,119.095950606297
Hungary,HUN,1981,119.152925472747
Hungary,HUN,1980,119.131598264932
Hungary,HUN,1979,119.040836298932
Hungary,HUN,1978,118.759831054796
Hungary,HUN,1977,118.364061805247
Hungary,HUN,1976,117.828538076709
Hungary,HUN,1975,117.155996443259
Hungary,HUN,1974,116.469045237301
Hungary,HUN,1973,115.950372346338
Hungary,HUN,1972,115.57729243081
Hungary,HUN,1971,115.233266644437
Hungary,HUN,1970,114.89119804401
Hungary,HUN,1969,114.442971441271
Hungary,HUN,1968,113.96616290699
Hungary,HUN,1967,113.517822222222
Hungary,HUN,1966,113.083579602266
Hungary,HUN,1965,112.729782270607
Hungary,HUN,1964,112.405142730201
Hungary,HUN,1963,112.050949683439
Hungary,HUN,1962,111.762108420351
Hungary,HUN,1961,111.372256774767
Ireland,IRL,2023,77.1017273914937
Ireland,IRL,2022,75.6689795325882
Ireland,IRL,2021,74.1847147626651
Ireland,IRL,2020,73.1564377993903
Ireland,IRL,2019,72.237712294963
Ireland,IRL,2018,71.0991725939904
Ireland,IRL,2017,70.0746842792858
Ireland,IRL,2016,69.1351720133546
Ireland,IRL,2015,68.2531136594571
Ireland,IRL,2014,67.6112643344462
Ireland,IRL,2013,67.1188271156917
Ireland,IRL,2012,66.7663376397155
Ireland,IRL,2011,66.4840179997097
Ireland,IRL,2010,66.1947307301495
Ireland,IRL,2009,65.8350268544056
Ireland,IRL,2008,65.1697488750181
Ireland,IRL,2007,63.8545797648425
Ireland,IRL,2006,62.0349978226158
Ireland,IRL,2005,60.3848744375091
Ireland,IRL,2004,59.0834954274931
Ireland,IRL,2003,58.0130788213093
Ireland,IRL,2002,57.075729423719
Ireland,IRL,2001,56.1219770648861
Ireland,IRL,2000,55.2355058789374
Ireland,IRL,1999,54.5040789664683
Ireland,IRL,1998,53.8931049499202
Ireland,IRL,1997,53.3338800987081
Ireland,IRL,1996,52.8017128755988
Ireland,IRL,1995,52.3855566845696
Ireland,IRL,1994,52.1176658440993
Ireland,IRL,1993,51.9126288285673
Ireland,IRL,1992,51.6537959065176
Ireland,IRL,1991,51.3025838292931
Ireland,IRL,1990,51.0084772826245
Ireland,IRL,1989,50.9654376542314
Ireland,IRL,1988,51.167789229206
Ireland,IRL,1987,51.3870953694295
Ireland,IRL,1986,51.3817680359994
Ireland,IRL,1985,51.3584264769923
Ireland,IRL,1984,51.2762810277254
Ireland,IRL,1983,50.9595006532153
Ireland,IRL,1982,50.5995064595732
Ireland,IRL,1981,50.1233851066918
Ireland,IRL,1980,49.539846131514
Ireland,IRL,1979,48.9730004354768
Ireland,IRL,1978,48.3248657279721
Ireland,IRL,1977,47.6440702569313
Ireland,IRL,1976,47.0031934968791
Ireland,IRL,1975,46.2991725939904
Ireland,IRL,1974,45.5436202641893
Ireland,IRL,1973,44.7953258818406
Ireland,IRL,1972,44.082595442009
Ireland,IRL,1971,43.4322833502685
Ireland,IRL,1970,42.9271302075773
Ireland,IRL,1969,42.5700391929162
Ireland,IRL,1968,42.3218173900421
Ireland,IRL,1967,42.1316591667876
Ireland,IRL,1966,41.9335172013355
Ireland,IRL,1965,41.7665844099289
Ireland,IRL,1964,41.610538539701
Ireland,IRL,1963,41.4087676005226
Ireland,IRL,1962,41.1678037451009
Ireland,IRL,1961,40.9986935694586
Italy,ITA,2023,199.459678073854
Italy,ITA,2022,199.559268903016
Italy,ITA,2021,199.965416259464
Italy,ITA,2020,200.999100491348
Italy,ITA,2019,201.980545589195
Italy,ITA,2018,203.398704170865
Italy,ITA,2017,202.903617635721
Italy,ITA,2016,203.285640373599
Italy,ITA,2015,203.672434549131
Italy,ITA,2014,203.980505075782
Italy,ITA,2013,203.949752805037
Italy,ITA,2012,203.542723134878
Italy,ITA,2011,202.986767799052
Italy,ITA,2010,202.285308976795
Italy,ITA,2009,201.392725501999
Italy,ITA,2008,200.22853191216
Italy,ITA,2007,198.690127080529
Italy,ITA,2006,197.484972169432
Italy,ITA,2005,196.6964540542
Italy,ITA,2004,195.55177229658
Italy,ITA,2003,194.101082788332
Italy,ITA,2002,193.054951000615
Italy,ITA,2001,192.673361107542
Italy,ITA,2000,192.555434569421
Italy,ITA,1999,193.520509333243
Italy,ITA,1998,193.487960286967
Italy,ITA,1997,193.432294039645
Italy,ITA,1996,193.329981979531
Italy,ITA,1995,193.27565536704
Italy,ITA,1994,193.272585087212
Italy,ITA,1993,193.233215463602
Italy,ITA,1992,193.115116793037
Italy,ITA,1991,192.983988983714
Italy,ITA,1990,192.850430111183
Italy,ITA,1989,192.689065315698
Italy,ITA,1988,192.544585359219
Italy,ITA,1987,192.451569140798
Italy,ITA,1986,192.431930230186
Italy,ITA,1985,192.421444357553
Italy,ITA,1984,192.365842711911
Italy,ITA,1983,192.322851994152
Italy,ITA,1982,192.253061779606
Italy,ITA,1981,192.110689877937
Italy,ITA,1980,191.880191084968
Italy,ITA,1979,191.485325218456
Italy,ITA,1978,190.932450443712
Italy,ITA,1977,190.253343986944
Italy,ITA,1976,189.44700962225
Italy,ITA,1975,188.504304511917
Italy,ITA,1974,187.381823127401
Italy,ITA,1973,186.159620550134
Italy,ITA,1972,184.901380435891
Italy,ITA,1971,183.854646220802
Italy,ITA,1970,182.999047975247
Italy,ITA,1969,182.033762877835
Italy,ITA,1968,181.00625616266
Italy,ITA,1967,179.86637652579
Italy,ITA,1966,178.569242800313
Italy,ITA,1965,177.186596851518
Italy,ITA,1964,175.700758219714
Italy,ITA,1963,174.261330794601
Italy,ITA,1962,172.994627860324
Italy,ITA,1961,171.828057529496
Lithuania,LTU,2023,45.87196485623
Lithuania,LTU,2022,45.2309596830873
Lithuania,LTU,2021,44.8551349624661
Lithuania,LTU,2020,44.8797349089748
Lithuania,LTU,2019,44.8912328329607
Lithuania,LTU,2018,45.0135717707169
Lithuania,LTU,2017,45.3798470650213
Lithuania,LTU,2016,45.9328405861882
Lithuania,LTU,2015,46.4662250598563
Lithuania,LTU,2014,46.8835275339186
Lithuania,LTU,2013,47.2477064220183
Lithuania,LTU,2012,47.6934454478731
Lithuania,LTU,2011,48.3153301209433
Lithuania,LTU,2010,49.418141204627
Lithuania,LTU,2009,50.4653530115676
Lithuania,LTU,2008,51.0288153171121
Lithuania,LTU,2007,51.5522335673261
Lithuania,LTU,2006,52.1682992980217
Lithuania,LTU,2005,53.0077855775367
Lithuania,LTU,2004,53.8780312699426
Lithuania,LTU,2003,54.4864869176771
Lithuania,LTU,2002,54.9308710912572
Lithuania,LTU,2001,55.3736119974473
Lithuania,LTU,2000,55.8317804722399
Lithuania,LTU,1999,56.2258774728781
Lithuania,LTU,1998,56.626212507977
Lithuania,LTU,1997,57.0379227823867
Lithuania,LTU,1996,57.4603222718571
Lithuania,LTU,1995,57.8988832163369
Lithuania,LTU,1994,58.3462667517549
Lithuania,LTU,1993,58.7526005105297
Lithuania,LTU,1992,59.0318123803446
Luxembourg,LUX,2023,258.862052624628
Luxembourg,LUX,2022,253.685433061691
Luxembourg,LUX,2021,248.62068161867
Luxembourg,LUX,2020,244.874264894386
Luxembourg,LUX,2019,240.827591028798
Luxembourg,LUX,2018,236.146609386046
Luxembourg,LUX,2017,231.635372078028
Luxembourg,LUX,2016,226.072263698018
Luxembourg,LUX,2015,221.251835336342
Luxembourg,LUX,2014,216.091529874226
Luxembourg,LUX,2013,211.05785290896
Luxembourg,LUX,2012,206.235870823396
Luxembourg,LUX,2011,201.342029008025
Luxembourg,LUX,2010,196.916246513832
Luxembourg,LUX,2009,193.354334501216
Luxembourg,LUX,2008,189.806794434561
Luxembourg,LUX,2007,186.444147510546
Luxembourg,LUX,2006,183.586849281014
Luxembourg,LUX,2005,180.681774041935
Luxembourg,LUX,2004,177.938286087179
Luxembourg,LUX,2003,175.427079853639
Luxembourg,LUX,2002,173.30818890175
Luxembourg,LUX,2001,171.501984882267
Luxembourg,LUX,2000,169.472433053922
Latvia,LVA,2023,30.2701269484172
Latvia,LVA,2022,30.2005945685361
Latvia,LVA,2021,30.2826610959344
Latvia,LVA,2020,30.5391129680219
Latvia,LVA,2019,30.755491989008
Latvia,LVA,2018,30.9700612274415
Latvia,LVA,2017,31.2123033409935
Latvia,LVA,2016,31.4901409356067
Latvia,LVA,2015,31.7792437366417
Latvia,LVA,2014,32.0404647500281
Latvia,LVA,2013,32.3436289713468
Latvia,LVA,2012,32.691902228936
Latvia,LVA,2011,33.0999244700853
Latvia,LVA,2010,33.7081170552975
Latvia,LVA,2009,34.4170376203256
Latvia,LVA,2008,34.9899882687579
Latvia,LVA,2007,35.3596509553731
Latvia,LVA,2006,35.6494287045816
Latvia,LVA,2005,35.9779356228004
Latvia,LVA,2004,36.3688109663008
Latvia,LVA,2003,36.7678821090523
Latvia,LVA,2002,37.1249296928986
Latvia,LVA,2001,37.5587767367863
Latvia,LVA,2000,38.0469892490398
Latvia,LVA,1999,38.4155109518376
Latvia,LVA,1998,38.7294743439343
Latvia,LVA,1997,39.0963890272711
Latvia,LVA,1996,39.4880357401128
Latvia,LVA,1995,39.9353335368891
Latvia,LVA,1994,40.5088145017436
Latvia,LVA,1993,41.1925691420123
Latvia,LVA,1992,42.0129204364665
Malta,MLT,2023,1727.334375
Malta,MLT,2022,1659.728125
Malta,MLT,2021,1619.21875
Malta,MLT,2020,1610.90625
Malta,MLT,2019,1574.725
Malta,MLT,2018,1512.196875
Malta,MLT,2017,1459.70625
Malta,MLT,2016,1420.328125
Malta,MLT,2015,1388.1875
Malta,MLT,2014,1354.628125
Malta,MLT,2013,1327.53125
Malta,MLT,2012,1312.5875
Malta,MLT,2011,1300.8375
Malta,MLT,2010,1295.3375
Malta,MLT,2009,1288.990625
Malta,MLT,2008,1279.309375
Malta,MLT,2007,1271.0125
Malta,MLT,2006,1266.5875
Malta,MLT,2005,1261.98125
Malta,MLT,2004,1253.9625
Malta,MLT,2003,1245.56875
Malta,MLT,2002,1237.403125
Malta,MLT,2001,1228.2125
Malta,MLT,2000,1219.021875
Malta,MLT,1999,1211.18125
Malta,MLT,1998,1204.021875
Malta,MLT,1997,1196.221875
Malta,MLT,1996,1187.203125
Malta,MLT,1995,1179.434375
Malta,MLT,1994,1171.240625
Malta,MLT,1993,1160.3375
Malta,MLT,1992,1148.80625
Malta,MLT,1991,1137.015625
Malta,MLT,1990,1106.78125
Malta,MLT,1989,1096.00625
Malta,MLT,1988,1085.390625
Malta,MLT,1987,1076.515625
Malta,MLT,1986,1069.128125
Malta,MLT,1985,1051.4125
Malta,MLT,1984,1033.103125
Malta,MLT,1983,1032.8875
Malta,MLT,1982,1018.43125
Malta,MLT,1981,996.81875
Malta,MLT,1980,989.515625
Malta,MLT,1979,979.19375
Malta,MLT,1978,969.31875
Malta,MLT,1977,959.28125
Malta,MLT,1976,955.54375
Malta,MLT,1975,950.69375
Malta,MLT,1974,943.7375
Malta,MLT,1973,944.375
Malta,MLT,1972,945.15625
Malta,MLT,1971,945.9375
Malta,MLT,1970,945.78125
Malta,MLT,1969,950.9375
Malta,MLT,1968,962.1875
Malta,MLT,1967,973.59375
Malta,MLT,1966,985.0
Malta,MLT,1965,996.25
Malta,MLT,1964,1003.90625
Malta,MLT,1963,1007.96875
Malta,MLT,1962,1012.1875
Malta,MLT,1961,1016.40625
Netherlands,NLD,2023,530.950905850906
Netherlands,NLD,2022,525.719691119691
Netherlands,NLD,2021,520.731927531928
Netherlands,NLD,2020,518.013068013068
Netherlands,NLD,2019,515.143272943273
Netherlands,NLD,2018,511.779744579745
Netherlands,NLD,2017,508.8
Netherlands,NLD,2016,505.800831600832
Netherlands,NLD,2015,503.116216216216
Netherlands,NLD,2014,500.593885425942
Netherlands,NLD,2013,498.795844464233
Netherlands,NLD,2012,496.884994068802
Netherlands,NLD,2011,495.049644128114
Netherlands,NLD,2010,492.599881411207
Netherlands,NLD,2009,490.079691669137
Netherlands,NLD,2008,487.132494075829
Netherlands,NLD,2007,485.23981042654
Netherlands,NLD,2006,484.185456161137
Netherlands,NLD,2005,483.408412322275
Netherlands,NLD,2004,482.280183649289
Netherlands,NLD,2003,480.607286729858
Netherlands,NLD,2002,478.345053317536
Netherlands,NLD,2001,475.30154028436
Netherlands,NLD,2000,471.727280805687
Netherlands,NLD,1999,468.367535545024
Netherlands,NLD,1998,465.260930094787
Netherlands,NLD,1997,462.40077014218
Netherlands,NLD,1996,460.026599526066
Netherlands,NLD,1995,457.90894549763
Netherlands,NLD,1994,455.65278436019
Netherlands,NLD,1993,452.913744075829
Netherlands,NLD,1992,449.767950236967
Netherlands,NLD,1991,446.380272511848
Netherlands,NLD,1990,442.876481042654
Netherlands,NLD,1989,439.837292654028
Netherlands,NLD,1988,437.206575829384
Netherlands,NLD,1987,434.390906398104
Netherlands,NLD,1986,431.643305687204
Netherlands,NLD,1985,429.254502369668
Netherlands,NLD,1984,427.257434834123
Netherlands,NLD,1983,425.564869668246
Netherlands,NLD,1982,423.954087677725
Netherlands,NLD,1981,422.014454976303
Netherlands,NLD,1980,419.129146919431
Netherlands,NLD,1979,415.825533175355
Netherlands,NLD,1978,412.965047393365
Netherlands,NLD,1977,410.43202014218
Netherlands,NLD,1976,407.998726303318
Netherlands,NLD,1975,404.808501184834
Netherlands,NLD,1974,401.216113744076
Netherlands,NLD,1973,398.084182464455
Netherlands,NLD,1972,394.804295023697
Netherlands,NLD,1971,390.832257109005
Netherlands,NLD,1970,386.212263033175
Netherlands,NLD,1969,381.456872037915
Netherlands,NLD,1968,377.06519549763
Netherlands,NLD,1967,373.169460900474
Netherlands,NLD,1966,368.964780805687
Netherlands,NLD,1965,364.180450236967
Netherlands,NLD,1964,359.215639810427
Netherlands,NLD,1963,354.442120853081
Netherlands,NLD,1962,349.694579383886
Netherlands,NLD,1961,344.748578199052
Poland,POL,2023,119.787615502661
Poland,POL,2022,120.297131562612
Poland,POL,2021,120.815285854296
Poland,POL,2020,122.548420605625
Poland,POL,2019,124.025595374212
Poland,POL,2018,124.031583760656
Poland,POL,2017,124.0237303635
Poland,POL,2016,124.008253045495
Poland,POL,2015,124.061569613639
Poland,POL,2014,124.144273163722
Poland,POL,2013,124.229110740995
Poland,POL,2012,124.300058781268
Poland,POL,2011,124.296296901022
Poland,POL,2010,124.209200731357
Poland,POL,2009,124.564460624265
Poland,POL,2008,124.471952334313
Poland,POL,2007,124.44685296422
Poland,POL,2006,124.514452206843
Poland,POL,2005,124.589315444129
Poland,POL,2004,124.644083178272
Poland,POL,2003,124.753689916405
Poland,POL,2002,124.81753893369
Poland,POL,2001,124.875366482745
Poland,POL,2000,124.909820758105
Poland,POL,1999,126.221133566228
Poland,POL,1998,126.23161383003
Poland,POL,1997,126.186489927846
Poland,POL,1996,126.103921120507
Poland,POL,1995,126.008025074276
Poland,POL,1994,125.837121682066
Poland,POL,1993,125.571869796598
Poland,POL,1992,125.252757190898
Poland,POL,1991,124.86921871429
Poland,POL,1990,124.427118090698
Poland,POL,1989,123.939825002449
Poland,POL,1988,123.492399360084
Poland,POL,1987,122.981635051748
Poland,POL,1986,122.289722158738
Poland,POL,1985,121.459678735839
Poland,POL,1984,120.487557543505
Poland,POL,1983,119.402553135917
Poland,POL,1982,118.288161546247
Poland,POL,1981,117.204567566685
Poland,POL,1980,116.145319794966
Poland,POL,1979,115.077922883542
Poland,POL,1978,114.158477260113
Poland,POL,1977,113.255574782069
Poland,POL,1976,112.169186065493
Poland,POL,1975,111.055532338633
Poland,POL,1974,109.957553299161
Poland,POL,1973,108.90724476803
Poland,POL,1972,107.922720297757
Poland,POL,1971,107.034183290346
Poland,POL,1970,106.645009631395
Poland,POL,1969,106.26628358745
Poland,POL,1968,105.438163178687
Poland,POL,1967,104.434212674263
Poland,POL,1966,103.434653433021
Poland,POL,1965,102.663978582389
Poland,POL,1964,101.666557837344
Poland,POL,1963,100.270985014202
Poland,POL,1962,98.9536060596167
Poland,POL,1961,97.828855006693
Portugal,PRT,2023,115.475189289738
Portugal,PRT,2022,113.904957775507
Portugal,PRT,2021,113.113510527741
Portugal,PRT,2020,112.406676011074
Portugal,PRT,2019,112.288582794065
Portugal,PRT,2018,112.261935951514
Portugal,PRT,2017,112.441815784188
Portugal,PRT,2016,112.716384151187
Portugal,PRT,2015,113.072519583956
Portugal,PRT,2014,113.541770372117
Portugal,PRT,2013,114.156128691384
Portugal,PRT,2012,114.803406485424
Portugal,PRT,2011,115.269789278305
Portugal,PRT,2010,115.439458456163
Portugal,PRT,2009,115.386472322306
Portugal,PRT,2008,115.427757734776
Portugal,PRT,2007,115.261440909588
Portugal,PRT,2006,115.035399584563
Portugal,PRT,2005,114.828140373893
Portugal,PRT,2004,114.577715846995
Portugal,PRT,2003,114.304054644809
Portugal,PRT,2002,113.87574863388
Portugal,PRT,2001,113.253792349727
Portugal,PRT,2000,112.457901639344
Portugal,PRT,1999,111.67025136612
Portugal,PRT,1998,111.040393442623
Portugal,PRT,1997,110.48062295082
Portugal,PRT,1996,109.988469945355
Portugal,PRT,1995,109.575693989071
Portugal,PRT,1994,109.196994535519
Portugal,PRT,1993,108.903551912568
Portugal,PRT,1992,108.770426229508
Portugal,PRT,1991,108.855027322404
Portugal,PRT,1990,109.106207650273
Portugal,PRT,1989,109.344262295082
Portugal,PRT,1988,109.50393442623
Portugal,PRT,1987,109.617825136612
Portugal,PRT,1986,109.647366120219
Portugal,PRT,1985,109.547683060109
Portugal,PRT,1984,109.24843715847
Portugal,PRT,1983,108.82912568306
Portugal,PRT,1982,108.325366120219
Portugal,PRT,1981,107.665158469945
Portugal,PRT,1980,106.735650273224
Portugal,PRT,1979,105.587595628415
Portugal,PRT,1978,104.46174863388
Portugal,PRT,1977,103.340710382514
Portugal,PRT,1976,102.249289617486
Portugal,PRT,1975,99.3821857923497
Portugal,PRT,1974,95.6761202185792
Portugal,PRT,1973,94.3508196721312
Portugal,PRT,1972,94.3216393442623
Portugal,PRT,1971,94.4672786885246
Portugal,PRT,1970,94.8680983606557
Portugal,PRT,1969,95.7126229508197
Portugal,PRT,1968,96.5754098360656
Portugal,PRT,1967,96.9892896174863
Portugal,PRT,1966,97.6064480874317
Portugal,PRT,1965,98.3453005464481
Portugal,PRT,1964,98.7471584699454
Portugal,PRT,1963,98.6924043715847
Portugal,PRT,1962,98.2949180327869
Portugal,PRT,1961,97.5881530054645
Romania,ROU,2023,82.8453668289291
Romania,ROU,2022,82.7907771210014
Romania,ROU,2021,83.1104789638387
Romania,ROU,2020,83.7328320584145
Romania,ROU,2019,84.1952712100139
Romania,ROU,2018,84.6399947844228
Romania,ROU,2017,85.1387126216968
Romania,ROU,2016,85.6322453059805
Romania,ROU,2015,86.1248956884562
Romania,ROU,2014,86.5306806328234
Romania,ROU,2013,86.8742903099596
Romania,ROU,2012,87.201265107382
Romania,ROU,2011,87.5332493374462
Romania,ROU,2010,88.0107411432297
Romania,ROU,2009,88.5311962096844
Romania,ROU,2008,89.3339495432797
Romania,ROU,2007,90.8390186610988
Romania,ROU,2006,92.1547960692234
Romania,ROU,2005,92.7023436820593
Romania,ROU,2004,93.2684695652174
Romania,ROU,2003,93.8218134377039
Romania,ROU,2002,94.5338495671466
Romania,ROU,2001,96.3474380740934
Romania,ROU,2000,97.701323407775
Romania,ROU,1999,97.8747386759582
Romania,ROU,1998,98.0327714621717
Romania,ROU,1997,98.2615692937742
Romania,ROU,1996,98.5491634715929
Romania,ROU,1995,98.8464421107674
Romania,ROU,1994,99.0379983442987
Romania,ROU,1993,99.2036956332258
Romania,ROU,1992,99.3388128649874
Romania,ROU,1991,100.240368691711
Romania,ROU,1990,101.163440156965
Romania,ROU,1989,100.987390451275
Romania,ROU,1988,100.102726404446
Romania,ROU,1987,99.6328470955978
Romania,ROU,1986,99.1440522705566
Romania,ROU,1985,98.6932317443779
Romania,ROU,1984,98.2918598593384
Romania,ROU,1983,97.9442476339324
Romania,ROU,1982,97.5763697143353
Romania,ROU,1981,97.0438048102804
Romania,ROU,1980,96.4108795693323
Romania,ROU,1979,95.9038291221672
Romania,ROU,1978,95.3002691673179
Romania,ROU,1977,94.4520969002344
Romania,ROU,1976,93.56444386559
Romania,ROU,1975,92.4441390987236
Romania,ROU,1974,91.2973387166797
Romania,ROU,1973,90.4561995311279
Romania,ROU,1972,89.6846270730225
Romania,ROU,1971,88.8320178866024
Romania,ROU,1970,87.9152470261353
Romania,ROU,1969,86.867851871147
Romania,ROU,1968,85.9591516888079
Romania,ROU,1967,84.8061213857775
Romania,ROU,1966,83.4221151341495
Romania,ROU,1965,82.623843014674
Romania,ROU,1964,82.1356516453938
Romania,ROU,1963,81.6091430059911
Romania,ROU,1962,81.0825301727881
Romania,ROU,1961,80.555917339585
Slovak Republic,SVK,2023,112.868968386023
Slovak Republic,SVK,2022,112.973211314476
Slovak Republic,SVK,2021,113.295486688852
Slovak Republic,SVK,2020,113.536335274542
Slovak Republic,SVK,2019,113.43899750416
Slovak Republic,SVK,2018,113.285586522463
Slovak Republic,SVK,2017,113.128785357737
Slovak Republic,SVK,2016,112.953369384359
Slovak Republic,SVK,2015,112.803148787488
Slovak Republic,SVK,2014,112.700686356073
Slovak Republic,SVK,2013,112.572637664282
Slovak Republic,SVK,2012,112.451734320413
Slovak Republic,SVK,2011,112.260522375645
Slovak Republic,SVK,2010,112.108876920838
Slovak Republic,SVK,2009,112.006778956124
Slovak Republic,SVK,2008,111.834365904366
Slovak Republic,SVK,2007,111.738503118503
Slovak Republic,SVK,2006,111.705904365904
Slovak Republic,SVK,2005,111.700769230769
Slovak Republic,SVK,2004,111.689812889813
Slovak Republic,SVK,2003,111.689336936188
Slovak Republic,SVK,2002,111.786112266112
Slovak Republic,SVK,2001,111.826756756757
Slovak Republic,SVK,2000,112.031600831601
Slovak Republic,SVK,1999,112.183367983368
Slovak Republic,SVK,1998,112.06893970894
Slovak Republic,SVK,1997,111.918731808732
Slovak Republic,SVK,1996,111.712286902287
Slovak Republic,SVK,1995,111.476070686071
Slovak Republic,SVK,1994,111.150332640333
Slovak Republic,SVK,1993,110.713201663202
Slovenia,SVN,2023,105.31480791676
Slovenia,SVN,2022,104.888460698039
Slovenia,SVN,2021,104.689964442502
Slovenia,SVN,2020,104.408881428657
Slovenia,SVN,2019,103.711934605987
Slovenia,SVN,2018,102.992292564709
Slovenia,SVN,2017,102.610871929328
Slovenia,SVN,2016,102.52417833383
Slovenia,SVN,2015,102.446109241111
Slovenia,SVN,2014,102.382323733863
Slovenia,SVN,2013,102.281678252234
Slovenia,SVN,2012,102.114049151928
Slovenia,SVN,2011,101.898292465005
Slovenia,SVN,2010,101.685826607499
Slovenia,SVN,2009,101.245371243634
Slovenia,SVN,2008,100.332370372576
Slovenia,SVN,2007,100.204667328699
Slovenia,SVN,2006,99.6458788480636
Slovenia,SVN,2005,99.3284011916584
Slovenia,SVN,2004,99.156504468719
Slovenia,SVN,2003,99.0929990069513
Slovenia,SVN,2002,99.0332671300894
Slovenia,SVN,2001,98.9106256206554
Slovenia,SVN,2000,98.7549652432969
Slovenia,SVN,1999,98.4630089374379
Slovenia,SVN,1998,98.3927010923535
Slovenia,SVN,1997,98.6075471698113
Slovenia,SVN,1996,98.7402184707051
Slovenia,SVN,1995,98.8019860973188
Slovenia,SVN,1994,98.780685203575
Slovenia,SVN,1993,98.8950347567031
Slovenia,SVN,1992,99.1309831181728
Sweden,SWE,2023,25.8713678886243
Sweden,SWE,2022,25.7487256923983
Sweden,SWE,2021,25.5740792575133
Sweden,SWE,2020,25.4209438224317
Sweden,SWE,2019,25.2378879395011
Sweden,SWE,2018,24.9814588688378
Sweden,SWE,2017,24.6929419766692
Sweden,SWE,2016,24.362449750883
Sweden,SWE,2015,24.0582617728817
Sweden,SWE,2014,23.8034986523533
Sweden,SWE,2013,23.5684835040631
Sweden,SWE,2012,23.3696200002111
Sweden,SWE,2011,23.1973780115221
Sweden,SWE,2010,23.0228627359425
Sweden,SWE,2009,22.8274214371936
Sweden,SWE,2008,22.6337796193202
Sweden,SWE,2007,22.4581399750626
Sweden,SWE,2006,22.2922170365422
Sweden,SWE,2005,22.1671788927031
Sweden,SWE,2004,22.0786999155742
Sweden,SWE,2003,21.9920351490414
Sweden,SWE,2002,21.9103563929565
Sweden,SWE,2001,21.8391676529442
Sweden,SWE,2000,21.7806145583158
Sweden,SWE,1999,21.7456682960193
Sweden,SWE,1998,21.7287291172454
Sweden,SWE,1997,21.7166703859211
Sweden,SWE,1996,21.7042385016732
Sweden,SWE,1995,21.669724311183
Sweden,SWE,1994,21.556320191722
Sweden,SWE,1993,21.4036613666677
Sweden,SWE,1992,21.2797009473911
Sweden,SWE,1991,21.1552544473323
Sweden,SWE,1990,21.0115414726333
Sweden,SWE,1989,20.8498312342254
Sweden,SWE,1988,20.7111877383913
Sweden,SWE,1987,20.6162178643525
Sweden,SWE,1986,20.5475405417149
Sweden,SWE,1985,20.4998088818743
Sweden,SWE,1984,20.465977168442
Sweden,SWE,1983,20.4473882609527
Sweden,SWE,1982,20.4381330864632
Sweden,SWE,1981,20.4264475080627
Sweden,SWE,1980,20.4019667123043
Sweden,SWE,1979,20.3605933818874
Sweden,SWE,1978,20.3162102785464
Sweden,SWE,1977,20.2571465536013
Sweden,SWE,1976,20.185329345507
Sweden,SWE,1975,20.1120514401125
Sweden,SWE,1974,20.0323096422961
Sweden,SWE,1973,19.9742671779844
Sweden,SWE,1972,19.9398683703062
Sweden,SWE,1971,19.8810329560315
Sweden,SWE,1970,19.7447020263431
Sweden,SWE,1969,19.5612458103151
Sweden,SWE,1968,19.4242618630102
Sweden,SWE,1967,19.3154043173302
Sweden,SWE,1966,19.1677781468391
Sweden,SWE,1965,18.9862490692658
Sweden,SWE,1964,18.8082673994212
Sweden,SWE,1963,18.6682712242386
Sweden,SWE,1962,18.5633465139784
Sweden,SWE,1961,18.4612450001804
