countryName,country,year,value
Austria,AUT,2024,69.4658181096788
Austria,AUT,2023,69.2265358276021
Austria,AUT,2022,68.998085127906
Austria,AUT,2021,68.773601700253
Austria,AUT,2020,68.5410177924001
Austria,AUT,2019,68.3176044750522
Austria,AUT,2018,68.1046787227623
Austria,AUT,2017,67.9051196052802
Austria,AUT,2016,67.7218061923556
Austria,AUT,2015,67.5576175537383
Austria,AUT,2014,67.4154327591781
Austria,AUT,2013,67.2981308784247
Austria,AUT,2012,67.2085909812279
Austria,AUT,2011,67.1484255415056
Austria,AUT,2010,67.1047429254747
Austria,AUT,2009,67.0705895694924
Austria,AUT,2008,67.0435560819078
Austria,AUT,2007,67.0211044863084
Austria,AUT,2006,67.0006968062814
Austria,AUT,2005,66.9797950654143
Austria,AUT,2004,66.9558612872944
Austria,AUT,2003,66.9263574955092
Austria,AUT,2002,66.8887457136458
Austria,AUT,2001,66.8408161285718
Austria,AUT,2000,66.7690238969566
Austria,AUT,1999,66.6585047330725
Austria,AUT,1998,66.5106754931446
Austria,AUT,1997,66.3274969714236
Austria,AUT,1996,66.1109299621598
Austria,AUT,1995,65.8629352596037
Austria,AUT,1994,65.585473658006
Austria,AUT,1993,65.280505951617
Austria,AUT,1992,64.9499929346872
Austria,AUT,1991,64.6009589145985
Austria,AUT,1990,64.110852115312
Austria,AUT,1989,63.3584196143538
Austria,AUT,1988,62.398828622783
Austria,AUT,1987,61.294693593957
Austria,AUT,1986,60.1086289812329
Austria,AUT,1985,58.9032492379678
Austria,AUT,1984,57.7411688175191
Austria,AUT,1983,56.6850021732437
Austria,AUT,1982,55.7973637584991
Austria,AUT,1981,55.1466847788736
Austria,AUT,1980,54.6746637573898
Austria,AUT,1979,54.2530065413329
Austria,AUT,1978,53.8693544902089
Austria,AUT,1977,53.5194102617586
Austria,AUT,1976,53.198876513723
Austria,AUT,1975,52.903455903843
Austria,AUT,1974,52.6288510898596
Austria,AUT,1973,52.3707647295136
Austria,AUT,1972,52.1248994805461
Austria,AUT,1971,51.8869425346511
Austria,AUT,1970,51.6541386255885
Austria,AUT,1969,51.4278590965426
Austria,AUT,1968,51.2094618115595
Austria,AUT,1967,51.0002704789946
Austria,AUT,1966,50.8016088072034
Austria,AUT,1965,50.6148005045414
Austria,AUT,1964,50.4411692793639
Austria,AUT,1963,50.2820388400265
Austria,AUT,1962,50.1387328948846
Austria,AUT,1961,50.0134094923753
Austria,AUT,1960,49.9005599053504
Belgium,BEL,2024,87.6126557010527
Belgium,BEL,2023,87.551492636772
Belgium,BEL,2022,87.489200269855
Belgium,BEL,2021,87.4305564090635
Belgium,BEL,2020,87.2964994991269
Belgium,BEL,2019,87.0961631189222
Belgium,BEL,2018,86.8883449485575
Belgium,BEL,2017,86.6731739531869
Belgium,BEL,2016,86.4507790979645
Belgium,BEL,2015,86.2212893480444
Belgium,BEL,2014,85.9848336685807
Belgium,BEL,2013,85.7415410247275
Belgium,BEL,2012,85.4915403816388
Belgium,BEL,2011,85.2349607044689
Belgium,BEL,2010,84.9719309583717
Belgium,BEL,2009,84.7025801085014
Belgium,BEL,2008,84.427037120012
Belgium,BEL,2007,84.1454309580577
Belgium,BEL,2006,83.8578905877926
Belgium,BEL,2005,83.5645449743707
Belgium,BEL,2004,83.2655230829461
Belgium,BEL,2003,82.9609538786731
Belgium,BEL,2002,82.6509663267055
Belgium,BEL,2001,82.3356893921976
Belgium,BEL,2000,82.0152520403035
Belgium,BEL,1999,81.6897832361771
Belgium,BEL,1998,81.3594119449727
Belgium,BEL,1997,81.0242671318444
Belgium,BEL,1996,80.6844777619461
Belgium,BEL,1995,80.3401728004321
Belgium,BEL,1994,79.9914812124564
Belgium,BEL,1993,79.6385319631731
Belgium,BEL,1992,79.2814540177363
Belgium,BEL,1991,78.9203763413001
Belgium,BEL,1990,78.5554278990186
Belgium,BEL,1989,78.1867376560459
Belgium,BEL,1988,77.8144345775361
Belgium,BEL,1987,77.4386476286433
Belgium,BEL,1986,77.0595057745216
Belgium,BEL,1985,76.677137980325
Belgium,BEL,1984,76.2916732112078
Belgium,BEL,1983,75.9032404323239
Belgium,BEL,1982,75.5119686088274
Belgium,BEL,1981,75.1179867058726
Belgium,BEL,1980,74.7214236886134
Belgium,BEL,1979,74.322408522204
Belgium,BEL,1978,73.9210701717984
Belgium,BEL,1977,73.5175376025508
Belgium,BEL,1976,73.1119397796152
Belgium,BEL,1975,72.7044056681458
Belgium,BEL,1974,72.2950642332966
Belgium,BEL,1973,71.8840444402217
Belgium,BEL,1972,71.4714752540753
Belgium,BEL,1971,71.059425198608
Belgium,BEL,1970,70.6343502928609
Belgium,BEL,1969,70.1611872392558
Belgium,BEL,1968,69.645897587206
Belgium,BEL,1967,69.1049161243133
Belgium,BEL,1966,68.5546776381795
Belgium,BEL,1965,68.0116169164062
Belgium,BEL,1964,67.4921687465952
Belgium,BEL,1963,67.0127679163484
Belgium,BEL,1962,66.5898492132674
Belgium,BEL,1961,66.2246229423023
Belgium,BEL,1960,65.8680443819957
Bulgaria,BGR,2024,73.9499356882481
Bulgaria,BGR,2023,73.7322671584613
Bulgaria,BGR,2022,73.4799164005224
Bulgaria,BGR,2021,73.346765618041
Bulgaria,BGR,2020,73.3239898681641
Bulgaria,BGR,2019,73.7162322998047
Bulgaria,BGR,2018,73.600212097168
Bulgaria,BGR,2017,73.3904571533203
Bulgaria,BGR,2016,73.1750030517578
Bulgaria,BGR,2015,73.1030578613281
Bulgaria,BGR,2014,73.0844879150391
Bulgaria,BGR,2013,72.9632821572019
Bulgaria,BGR,2012,72.7684860229492
Bulgaria,BGR,2011,72.6101653885532
Bulgaria,BGR,2010,71.5149307250977
Bulgaria,BGR,2009,71.3017349243164
Bulgaria,BGR,2008,70.902099609375
Bulgaria,BGR,2007,70.6844177246094
Bulgaria,BGR,2006,70.5075225830078
Bulgaria,BGR,2005,70.0869598388672
Bulgaria,BGR,2004,69.9193344116211
Bulgaria,BGR,2003,69.7808456420898
Bulgaria,BGR,2002,69.4859161376953
Bulgaria,BGR,2001,69.196711983564
Bulgaria,BGR,2000,68.2631454467773
Bulgaria,BGR,1999,68.0479965209961
Bulgaria,BGR,1998,67.8654022216797
Bulgaria,BGR,1997,67.6594467163086
Bulgaria,BGR,1996,67.6981964111328
Bulgaria,BGR,1995,67.8335418701172
Bulgaria,BGR,1994,67.7225112915039
Bulgaria,BGR,1993,67.4275283813477
Bulgaria,BGR,1992,67.1506882200337
Bulgaria,BGR,1991,67.0880279541016
Bulgaria,BGR,1990,67.0388031005859
Bulgaria,BGR,1989,67.3130798339844
Bulgaria,BGR,1988,66.703010559082
Bulgaria,BGR,1987,66.0016479492188
Bulgaria,BGR,1986,65.2507095336914
Bulgaria,BGR,1985,64.9559933070956
Bulgaria,BGR,1984,65.6103744506836
Bulgaria,BGR,1983,64.6457977294922
Bulgaria,BGR,1982,63.8886375427246
Bulgaria,BGR,1981,63.0104827880859
Bulgaria,BGR,1980,62.1413650512695
Bulgaria,BGR,1979,61.4790496826172
Bulgaria,BGR,1978,60.517162322998
Bulgaria,BGR,1977,59.4182548522949
Bulgaria,BGR,1976,58.4939002990723
Bulgaria,BGR,1975,58.0091388481304
Bulgaria,BGR,1974,58.0859909057617
Bulgaria,BGR,1973,56.2724342346191
Bulgaria,BGR,1972,55.1741676330566
Bulgaria,BGR,1971,53.8185234069824
Bulgaria,BGR,1970,52.3233871459961
Bulgaria,BGR,1969,50.5960388183594
Bulgaria,BGR,1968,49.0096244812012
Bulgaria,BGR,1967,48.0023765563965
Bulgaria,BGR,1966,47.0041198730469
Bulgaria,BGR,1965,45.6997494263354
Bulgaria,BGR,1964,43.0380744934082
Bulgaria,BGR,1963,40.2784042358398
Bulgaria,BGR,1962,39.3013801574707
Bulgaria,BGR,1961,38.4144706726074
Bulgaria,BGR,1960,37.1103363037109
Cyprus,CYP,2024,66.6824259192483
Cyprus,CYP,2023,66.6739477522639
Cyprus,CYP,2022,66.6694829407584
Cyprus,CYP,2021,66.6718365394971
Cyprus,CYP,2020,66.7180443478713
Cyprus,CYP,2019,66.7677357070518
Cyprus,CYP,2018,66.8255530496405
Cyprus,CYP,2017,66.8907450570326
Cyprus,CYP,2016,66.9625604106231
Cyprus,CYP,2015,67.0402477918073
Cyprus,CYP,2014,67.1230558819804
Cyprus,CYP,2013,67.2102333625375
Cyprus,CYP,2012,67.3010289148738
Cyprus,CYP,2011,67.3979892758544
Cyprus,CYP,2010,67.5229111556342
Cyprus,CYP,2009,67.6836053786548
Cyprus,CYP,2008,67.8666261318649
Cyprus,CYP,2007,68.0604154001212
Cyprus,CYP,2006,68.2534151682801
Cyprus,CYP,2005,68.4340674211981
Cyprus,CYP,2004,68.5908141437316
Cyprus,CYP,2003,68.7120973207373
Cyprus,CYP,2002,68.7863589370716
Cyprus,CYP,2001,68.8024068077544
Cyprus,CYP,2000,68.7726966799379
Cyprus,CYP,1999,68.706218074521
Cyprus,CYP,1998,68.6080447821551
Cyprus,CYP,1997,68.4827583308314
Cyprus,CYP,1996,68.3349402485415
Cyprus,CYP,1995,68.1691720632769
Cyprus,CYP,1994,67.9900353030289
Cyprus,CYP,1993,67.802111495789
Cyprus,CYP,1992,67.6074573603626
Cyprus,CYP,1991,67.3910893187537
Cyprus,CYP,1990,67.1368426608878
Cyprus,CYP,1989,66.8426208788611
Cyprus,CYP,1988,66.5048299232573
Cyprus,CYP,1987,66.1198757446603
Cyprus,CYP,1986,65.6841642936538
Cyprus,CYP,1985,65.1941015208215
Cyprus,CYP,1984,64.6460933767473
Cyprus,CYP,1983,64.036545812015
Cyprus,CYP,1982,63.3374807231127
Cyprus,CYP,1981,62.379518278705
Cyprus,CYP,1980,61.067126376007
Cyprus,CYP,1979,59.453575744641
Cyprus,CYP,1978,57.5780335848425
Cyprus,CYP,1977,55.4796670968471
Cyprus,CYP,1976,53.269489334916
Cyprus,CYP,1975,50.4136911939071
Cyprus,CYP,1974,46.0872047272702
Cyprus,CYP,1973,42.7074963835247
Cyprus,CYP,1972,41.4931686065322
Cyprus,CYP,1971,40.7003804549044
Cyprus,CYP,1970,40.084883423919
Cyprus,CYP,1969,39.6094294811456
Cyprus,CYP,1968,39.2367705941536
Cyprus,CYP,1967,38.9296587305127
Cyprus,CYP,1966,38.6508458577922
Cyprus,CYP,1965,38.3630839435619
Cyprus,CYP,1964,38.0291249553911
Cyprus,CYP,1963,37.6117208608495
Cyprus,CYP,1962,37.0736236275065
Cyprus,CYP,1961,36.3775852229318
Cyprus,CYP,1960,35.3071144601599
Czechia,CZE,2024,72.7947984592185
Czechia,CZE,2023,72.7352388396817
Czechia,CZE,2022,72.6967638379524
Czechia,CZE,2021,72.6810594374316
Czechia,CZE,2020,72.7254901604208
Czechia,CZE,2019,72.7876426709563
Czechia,CZE,2018,72.8498744351241
Czechia,CZE,2017,72.9121853567256
Czechia,CZE,2016,72.9745753395623
Czechia,CZE,2015,73.0370442874355
Czechia,CZE,2014,73.0995921041469
Czechia,CZE,2013,73.1622186934979
Czechia,CZE,2012,73.2249239592898
Czechia,CZE,2011,73.2878338394746
Czechia,CZE,2010,73.3495599222723
Czechia,CZE,2009,73.4084890302159
Czechia,CZE,2008,73.4655517409377
Czechia,CZE,2007,73.5219493596925
Czechia,CZE,2006,73.578883191735
Czechia,CZE,2005,73.6375545423198
Czechia,CZE,2004,73.6991647167017
Czechia,CZE,2003,73.7649150201353
Czechia,CZE,2002,73.8360067578753
Czechia,CZE,2001,73.9131752504002
Czechia,CZE,2000,74.0038256456769
Czechia,CZE,1999,74.1194096710694
Czechia,CZE,1998,74.2547289190302
Czechia,CZE,1997,74.4028023190951
Czechia,CZE,1996,74.5566488007996
Czechia,CZE,1995,74.7092872936794
Czechia,CZE,1994,74.8537367272699
Czechia,CZE,1993,74.9830160311069
Czechia,CZE,1992,75.0901441347259
Czechia,CZE,1991,75.1662908993883
Czechia,CZE,1990,75.218790827643
Czechia,CZE,1989,75.2657444405642
Czechia,CZE,1988,75.3102601144864
Czechia,CZE,1987,75.351678777166
Czechia,CZE,1986,75.3893413563594
Czechia,CZE,1985,75.4225887798231
Czechia,CZE,1984,75.4507619753134
Czechia,CZE,1983,75.4732018705868
Czechia,CZE,1982,75.4892493933998
Czechia,CZE,1981,75.4982454715088
Czechia,CZE,1980,74.6868468928695
Czechia,CZE,1979,70.1171722412109
Czechia,CZE,1978,69.7328186035156
Czechia,CZE,1977,70.4012603759766
Czechia,CZE,1976,69.4821701049805
Czechia,CZE,1975,67.3442306518555
Czechia,CZE,1974,66.9998550415039
Czechia,CZE,1973,66.4354510585972
Czechia,CZE,1972,65.7057029485439
Czechia,CZE,1971,64.9683141373196
Czechia,CZE,1970,64.3576535534307
Czechia,CZE,1969,63.8225611087405
Czechia,CZE,1968,63.3165943054493
Czechia,CZE,1967,62.8359903734483
Czechia,CZE,1966,62.3732657595636
Czechia,CZE,1965,61.9209369106216
Czechia,CZE,1964,61.4715202734485
Czechia,CZE,1963,61.0175322948706
Czechia,CZE,1962,60.5514894217143
Czechia,CZE,1961,60.0644614118642
Czechia,CZE,1960,59.5590911449629
Germany,DEU,2024,82.0211432579125
Germany,DEU,2023,81.9034366692129
Germany,DEU,2022,81.7867852780995
Germany,DEU,2021,81.6325870653934
Germany,DEU,2020,81.4700055002738
Germany,DEU,2019,81.3053991689039
Germany,DEU,2018,81.1423036204018
Germany,DEU,2017,80.9842544038853
Germany,DEU,2016,80.8347870684725
Germany,DEU,2015,80.6974371632814
Germany,DEU,2014,80.57574023743
Germany,DEU,2013,80.4732318400362
Germany,DEU,2012,80.393447520218
Germany,DEU,2011,80.3405762928198
Germany,DEU,2010,80.305702559949
Germany,DEU,2009,80.2745192417062
Germany,DEU,2008,80.2459549084581
Germany,DEU,2007,80.2198636634402
Germany,DEU,2006,80.1960996098884
Germany,DEU,2005,80.1745168510383
Germany,DEU,2004,80.1549694901257
Germany,DEU,2003,80.1373116303862
Germany,DEU,2002,80.1213973750556
Germany,DEU,2001,80.1070808273695
Germany,DEU,2000,80.0942160905637
Germany,DEU,1999,80.0826572678738
Germany,DEU,1998,80.0722584625357
Germany,DEU,1997,80.0628737777848
Germany,DEU,1996,80.0543573168571
Germany,DEU,1995,80.0465631829882
Germany,DEU,1994,80.0393454794137
Germany,DEU,1993,80.0325583093694
Germany,DEU,1992,80.026055776091
Germany,DEU,1991,80.0196919828142
Germany,DEU,1990,80.0133210327747
Germany,DEU,1989,80.0067970292083
Germany,DEU,1988,79.9999740753505
Germany,DEU,1987,79.9927062744372
Germany,DEU,1986,79.9848477297039
Germany,DEU,1985,79.9762525443865
Germany,DEU,1984,79.9667748217206
Germany,DEU,1983,79.956268664942
Germany,DEU,1982,79.9445881772863
Germany,DEU,1981,79.9315874619892
Germany,DEU,1980,79.9171206222865
Germany,DEU,1979,79.9010417614138
Germany,DEU,1978,79.8832049826069
Germany,DEU,1977,79.8634643891014
Germany,DEU,1976,79.8416740841331
Germany,DEU,1975,79.8176881709377
Germany,DEU,1974,79.7913607527508
Germany,DEU,1973,79.7625459328083
Germany,DEU,1972,79.7310978143457
Germany,DEU,1971,79.6968705005988
Germany,DEU,1970,79.6627851870384
Germany,DEU,1969,79.6010579121433
Germany,DEU,1968,79.4191773536822
Germany,DEU,1967,79.1186318013963
Germany,DEU,1966,78.7234194282177
Germany,DEU,1965,78.2575384070784
Germany,DEU,1964,77.7449869109102
Germany,DEU,1963,77.2097631126453
Germany,DEU,1962,76.6758651852156
Germany,DEU,1961,76.1717481632679
Germany,DEU,1960,75.6992409865797
Denmark,DNK,2024,88.6960552688405
Denmark,DNK,2023,88.552638542867
Denmark,DNK,2022,88.3880239837703
Denmark,DNK,2021,88.2616449318149
Denmark,DNK,2020,88.2394485473632
Denmark,DNK,2019,88.2096490810669
Denmark,DNK,2018,88.1059762310689
Denmark,DNK,2017,88.0161943799509
Denmark,DNK,2016,87.6999969482422
Denmark,DNK,2015,87.7254056577329
Denmark,DNK,2014,87.6823985731907
Denmark,DNK,2013,87.5436524760432
Denmark,DNK,2012,87.2336196899414
Denmark,DNK,2011,87.1567653955846
Denmark,DNK,2010,86.8652420043945
Denmark,DNK,2009,86.7617653139929
Denmark,DNK,2008,86.583137512207
Denmark,DNK,2007,86.4251464366349
Denmark,DNK,2006,86.2501288149818
Denmark,DNK,2005,86.0059706832865
Denmark,DNK,2004,85.7130276911593
Denmark,DNK,2003,85.4199981689453
Denmark,DNK,2002,85.3000030517578
Denmark,DNK,2001,85.188307882087
Denmark,DNK,2000,85.0999984741211
Denmark,DNK,1999,85.0999984741211
Denmark,DNK,1998,85.0920806648854
Denmark,DNK,1997,85.0706527086185
Denmark,DNK,1996,85.0392028124808
Denmark,DNK,1995,85.0012191836328
Denmark,DNK,1994,84.960190029235
Denmark,DNK,1993,84.9196035564477
Denmark,DNK,1992,84.8829479724314
Denmark,DNK,1991,84.8537114843465
Denmark,DNK,1990,84.8358814278461
Denmark,DNK,1989,84.8300018310547
Denmark,DNK,1988,84.8071769133325
Denmark,DNK,1987,84.7502340731422
Denmark,DNK,1986,84.6637163659945
Denmark,DNK,1985,84.5521668473999
Denmark,DNK,1984,84.4201285728692
Denmark,DNK,1983,84.2721445979129
Denmark,DNK,1982,84.1127579780418
Denmark,DNK,1981,83.9484048587073
Denmark,DNK,1980,83.7698693228921
Denmark,DNK,1979,83.5415443450597
Denmark,DNK,1978,83.2647695106668
Denmark,DNK,1977,82.9511515161899
Denmark,DNK,1976,82.6122970581055
Denmark,DNK,1975,82.2288223495671
Denmark,DNK,1974,81.7847747412214
Denmark,DNK,1973,81.2969076357846
Denmark,DNK,1972,80.7819744359731
Denmark,DNK,1971,80.2567285445029
Denmark,DNK,1970,79.7326849349195
Denmark,DNK,1969,79.1948261517088
Denmark,DNK,1968,78.632623929509
Denmark,DNK,1967,78.0534901698876
Denmark,DNK,1966,77.462628900608
Denmark,DNK,1965,76.8652441494335
Denmark,DNK,1964,76.2665399441275
Denmark,DNK,1963,75.6717203124532
Denmark,DNK,1962,75.0859892821741
Denmark,DNK,1961,74.5145508810535
Denmark,DNK,1960,73.9614295653425
Spain,ESP,2024,80.315199821207
Spain,ESP,2023,80.128491001856
Spain,ESP,2022,79.9548794567814
Spain,ESP,2021,79.7846242983598
Spain,ESP,2020,79.6955674617799
Spain,ESP,2019,79.6349761108307
Spain,ESP,2018,79.5580057813361
Spain,ESP,2017,79.4663233085683
Spain,ESP,2016,79.3615955277997
Spain,ESP,2015,79.2454892743023
Spain,ESP,2014,79.1196713833488
Spain,ESP,2013,78.9858086902112
Spain,ESP,2012,78.8455680301618
Spain,ESP,2011,78.695397956495
Spain,ESP,2010,78.5138156234888
Spain,ESP,2009,78.2919921861701
Spain,ESP,2008,78.0421438998777
Spain,ESP,2007,77.7738937890987
Spain,ESP,2006,77.4968648783202
Spain,ESP,2005,77.2206801920294
Spain,ESP,2004,76.9549627547133
Spain,ESP,2003,76.709335590859
Spain,ESP,2002,76.4934217249538
Spain,ESP,2001,76.3156889510385
Spain,ESP,2000,76.1650552349602
Spain,ESP,1999,76.0330694840356
Spain,ESP,1998,75.9145056905294
Spain,ESP,1997,75.804258976453
Spain,ESP,1996,75.6972244638181
Spain,ESP,1995,75.588297274636
Spain,ESP,1994,75.4723725309182
Spain,ESP,1993,75.3443453546763
Spain,ESP,1992,75.1991108679216
Spain,ESP,1991,75.0307020244923
Spain,ESP,1990,74.8374358949045
Spain,ESP,1989,74.6170021594867
Spain,ESP,1988,74.3709231199409
Spain,ESP,1987,74.0997445884247
Spain,ESP,1986,73.8040123770958
Spain,ESP,1985,73.4842722981117
Spain,ESP,1984,73.1410701636301
Spain,ESP,1983,72.7749517858085
Spain,ESP,1982,72.3864629768046
Spain,ESP,1981,71.976149548776
Spain,ESP,1980,71.5445573138803
Spain,ESP,1979,71.0922320842751
Spain,ESP,1978,70.6197196721181
Spain,ESP,1977,70.1275658895667
Spain,ESP,1976,69.6163165487787
Spain,ESP,1975,69.0865174619117
Spain,ESP,1974,68.5387144411232
Spain,ESP,1973,67.9734532985709
Spain,ESP,1972,67.3912798464124
Spain,ESP,1971,66.7976567883342
Spain,ESP,1970,66.1553980531405
Spain,ESP,1969,65.3568613432232
Spain,ESP,1968,64.4128960115223
Spain,ESP,1967,63.3639104521899
Spain,ESP,1966,62.2503130593783
Spain,ESP,1965,61.1125122272394
Spain,ESP,1964,59.9909163499255
Spain,ESP,1963,58.9259338215885
Spain,ESP,1962,57.9579730363808
Spain,ESP,1961,57.140239011971
Spain,ESP,1960,56.4544385988162
Estonia,EST,2024,70.6981161541961
Estonia,EST,2023,70.6770085523126
Estonia,EST,2022,70.4892333736738
Estonia,EST,2021,70.1777274135822
Estonia,EST,2020,69.8815778947665
Estonia,EST,2019,69.5787397662154
Estonia,EST,2018,69.2803532930133
Estonia,EST,2017,68.9931941915158
Estonia,EST,2016,68.724038178078
Estonia,EST,2015,68.4796609690553
Estonia,EST,2014,68.2668382808032
Estonia,EST,2013,68.0923458296768
Estonia,EST,2012,67.9629593320316
Estonia,EST,2011,67.8775556334506
Estonia,EST,2010,67.8048042926262
Estonia,EST,2009,67.7348909034398
Estonia,EST,2008,67.6696980194394
Estonia,EST,2007,67.6097866365576
Estonia,EST,2006,67.5557177507269
Estonia,EST,2005,67.5080523578799
Estonia,EST,2004,67.467351453949
Estonia,EST,2003,67.4341760348669
Estonia,EST,2002,67.4090870965661
Estonia,EST,2001,67.3926456349791
Estonia,EST,2000,67.385529072627
Estonia,EST,1999,67.43756162347
Estonia,EST,1998,67.6521763500664
Estonia,EST,1997,68.0003912958243
Estonia,EST,1996,68.4475740642067
Estonia,EST,1995,68.959092258676
Estonia,EST,1994,69.500313482695
Estonia,EST,1993,70.0366053397264
Estonia,EST,1992,70.5333354332329
Estonia,EST,1991,70.9558713666771
Estonia,EST,1990,71.2695807435219
Estonia,EST,1989,71.4338586887699
Estonia,EST,1988,71.4050140380859
Estonia,EST,1987,71.3310165405273
Estonia,EST,1986,71.2458877563477
Estonia,EST,1985,71.1091384887695
Estonia,EST,1984,70.973388671875
Estonia,EST,1983,70.8462982177734
Estonia,EST,1982,70.6393508911133
Estonia,EST,1981,70.3328552246094
Estonia,EST,1980,69.9892807006836
Estonia,EST,1979,69.6109237264603
Estonia,EST,1978,69.2126617431641
Estonia,EST,1977,68.7161407470703
Estonia,EST,1976,68.2090377807617
Estonia,EST,1975,67.6982269287109
Estonia,EST,1974,67.1876220703125
Estonia,EST,1973,66.6622848510742
Estonia,EST,1972,66.1060028076172
Estonia,EST,1971,65.5471649169922
Estonia,EST,1970,65.1748926604344
Estonia,EST,1969,64.6328659057617
Estonia,EST,1968,64.1745529174805
Estonia,EST,1967,63.6162986755371
Estonia,EST,1966,63.0544891357422
Estonia,EST,1965,62.4530448913574
Estonia,EST,1964,61.7069664001465
Estonia,EST,1963,60.9519653320312
Estonia,EST,1962,60.094123840332
Estonia,EST,1961,58.8204193115234
Estonia,EST,1960,57.5905914306641
Finland,FIN,2024,74.2637190463636
Finland,FIN,2023,74.0062548602828
Finland,FIN,2022,73.6967597835949
Finland,FIN,2021,73.3710215780329
Finland,FIN,2020,73.0849439791673
Finland,FIN,2019,72.7431214358314
Finland,FIN,2018,72.3423467740343
Finland,FIN,2017,71.9563038312956
Finland,FIN,2016,71.6158383428171
Finland,FIN,2015,71.3054930040604
Finland,FIN,2014,70.9879168940753
Finland,FIN,2013,70.6742118159277
Finland,FIN,2012,70.3661363168712
Finland,FIN,2011,70.0583261874252
Finland,FIN,2010,69.7855798796947
Finland,FIN,2009,69.546259966947
Finland,FIN,2008,69.2943672196361
Finland,FIN,2007,69.0200377316963
Finland,FIN,2006,68.7588279849327
Finland,FIN,2005,68.5140529517604
Finland,FIN,2004,68.2766596767133
Finland,FIN,2003,68.0425549126858
Finland,FIN,2002,67.7951641569199
Finland,FIN,2001,67.4982392821958
Finland,FIN,2000,67.1227685349539
Finland,FIN,1999,66.6718213970733
Finland,FIN,1998,66.1787142075127
Finland,FIN,1997,65.6793976054672
Finland,FIN,1996,65.2098222301322
Finland,FIN,1995,64.8059387207031
Finland,FIN,1994,64.4893951416016
Finland,FIN,1993,64.2520294189453
Finland,FIN,1992,64.0954742431641
Finland,FIN,1991,63.9701843261719
Finland,FIN,1990,63.8772201538086
Finland,FIN,1989,63.8365631103516
Finland,FIN,1988,63.7958984375
Finland,FIN,1987,63.6999893188477
Finland,FIN,1986,63.590274810791
Finland,FIN,1985,63.4717712402344
Finland,FIN,1984,63.3598670959473
Finland,FIN,1983,63.2944946289062
Finland,FIN,1982,63.2419242858887
Finland,FIN,1981,63.181697845459
Finland,FIN,1980,63.0913391113281
Finland,FIN,1979,62.969898223877
Finland,FIN,1978,62.8767318725586
Finland,FIN,1977,62.7793235778809
Finland,FIN,1976,62.6182746887207
Finland,FIN,1975,62.3913764953613
Finland,FIN,1974,62.0522575378418
Finland,FIN,1973,61.5515785217285
Finland,FIN,1972,61.0906264720049
Finland,FIN,1971,60.663939150681
Finland,FIN,1970,60.2622859694576
Finland,FIN,1969,59.8764363400358
Finland,FIN,1968,59.4971596741163
Finland,FIN,1967,59.1152253834001
Finland,FIN,1966,58.7214028795882
Finland,FIN,1965,58.3064615743814
Finland,FIN,1964,57.8611708794806
Finland,FIN,1963,57.3763002065869
Finland,FIN,1962,56.842618967401
Finland,FIN,1961,56.2508965736239
Finland,FIN,1960,55.5769661212511
France,FRA,2024,78.7999750964116
France,FRA,2023,78.7804323126547
France,FRA,2022,78.7591921123356
France,FRA,2021,78.7364603392338
France,FRA,2020,78.7119131765249
France,FRA,2019,78.6890784549356
France,FRA,2018,78.6714432536599
France,FRA,2017,78.6467804026368
France,FRA,2016,78.5999114705779
France,FRA,2015,77.7610919150066
France,FRA,2014,77.3524296788613
France,FRA,2013,77.2440721470918
France,FRA,2012,77.1669464919916
France,FRA,2011,77.1182717387509
France,FRA,2010,77.0962844808803
France,FRA,2009,77.1005391809676
France,FRA,2008,77.1561901569367
France,FRA,2007,77.2457976606157
France,FRA,2006,77.3467240068648
France,FRA,2005,77.4363315105438
France,FRA,2004,77.4900500011961
France,FRA,2003,77.4691216035138
France,FRA,2002,77.2543866607525
France,FRA,2001,76.9074413607811
France,FRA,2000,76.5143983146093
France,FRA,1999,76.1682703613968
France,FRA,1998,75.8918556090764
France,FRA,1997,75.6252262826369
France,FRA,1996,75.3592581297959
France,FRA,1995,75.0991069026347
France,FRA,1994,74.8499283532348
France,FRA,1993,74.6168782336776
France,FRA,1992,74.4051122960444
France,FRA,1991,74.2197862924166
France,FRA,1990,74.0675966432025
France,FRA,1989,73.9428417501728
France,FRA,1988,73.8329418235332
France,FRA,1987,73.7337741771127
France,FRA,1986,73.6440191686816
France,FRA,1985,73.5623571560102
France,FRA,1984,73.487468496869
France,FRA,1983,73.4180335490284
France,FRA,1982,73.3522531908044
France,FRA,1981,73.2937262047492
France,FRA,1980,73.2481970470056
France,FRA,1979,73.2106388615716
France,FRA,1978,73.1746727920795
France,FRA,1977,73.1339199821614
France,FRA,1976,73.0820015754495
France,FRA,1975,73.0141655469367
France,FRA,1974,72.897154621156
France,FRA,1973,72.6612390105508
France,FRA,1972,72.3147256282583
France,FRA,1971,71.875132564358
France,FRA,1970,71.3599779089291
France,FRA,1969,70.786779752051
France,FRA,1968,70.1838035411656
France,FRA,1967,69.4526181333994
France,FRA,1966,68.4228523195035
France,FRA,1965,67.1844272221459
France,FRA,1964,65.8602703980992
France,FRA,1963,64.5733094041364
France,FRA,1962,63.4598445709101
France,FRA,1961,62.532604923054
France,FRA,1960,61.6814049817776
Greece,GRC,2024,78.9967856500534
Greece,GRC,2023,78.7746303842088
Greece,GRC,2022,78.5502190980809
Greece,GRC,2021,78.3884898647442
Greece,GRC,2020,78.3066842455552
Greece,GRC,2019,78.1888100466875
Greece,GRC,2018,78.0490656849874
Greece,GRC,2017,77.8895342613411
Greece,GRC,2016,77.7122988766348
Greece,GRC,2015,77.5194426317545
Greece,GRC,2014,77.3130486275866
Greece,GRC,2013,77.0951999650171
Greece,GRC,2012,76.8679797449322
Greece,GRC,2011,76.6352609929407
Greece,GRC,2010,76.3631476983077
Greece,GRC,2009,76.0174962722535
Greece,GRC,2008,75.615079456679
Greece,GRC,2007,75.1753473512439
Greece,GRC,2006,74.717750055608
Greece,GRC,2005,74.2617376694311
Greece,GRC,2004,73.8267602923728
Greece,GRC,2003,73.432268024093
Greece,GRC,2002,73.0977109642516
Greece,GRC,2001,72.8460703788502
Greece,GRC,2000,72.665642910984
Greece,GRC,1999,72.5179414727182
Greece,GRC,1998,72.3911938989336
Greece,GRC,1997,72.2800514373571
Greece,GRC,1996,72.1791653357157
Greece,GRC,1995,72.0831868417364
Greece,GRC,1994,71.986767203146
Greece,GRC,1993,71.8845576676716
Greece,GRC,1992,71.7712094830401
Greece,GRC,1991,71.6402415130464
Greece,GRC,1990,71.4954907305534
Greece,GRC,1989,71.345842523849
Greece,GRC,1988,71.191002741708
Greece,GRC,1987,71.0286289769706
Greece,GRC,1986,70.856378822477
Greece,GRC,1985,70.6719098710672
Greece,GRC,1984,70.4728797155812
Greece,GRC,1983,70.2569459488594
Greece,GRC,1982,70.0217661637418
Greece,GRC,1981,69.765554054684
Greece,GRC,1980,69.47517560585
Greece,GRC,1979,69.132015210295
Greece,GRC,1978,68.7391528588712
Greece,GRC,1977,68.3011974982477
Greece,GRC,1976,67.8227580750934
Greece,GRC,1975,67.3084435360774
Greece,GRC,1974,66.7628628278688
Greece,GRC,1973,66.1906248971366
Greece,GRC,1972,65.5963386905499
Greece,GRC,1971,64.9889767043221
Greece,GRC,1970,64.3241530171731
Greece,GRC,1969,63.5310818060611
Greece,GRC,1968,62.6334352236841
Greece,GRC,1967,61.6661286250748
Greece,GRC,1966,60.6640773652658
Greece,GRC,1965,59.6621967992899
Greece,GRC,1964,58.6954022821796
Greece,GRC,1963,57.7986091689676
Greece,GRC,1962,57.0067328146866
Greece,GRC,1961,56.3608306346623
Greece,GRC,1960,55.8445548559924
Croatia,HRV,2024,57.5158981711443
Croatia,HRV,2023,57.2431560672198
Croatia,HRV,2022,56.9977571733605
Croatia,HRV,2021,56.7683502560171
Croatia,HRV,2020,56.5284863367411
Croatia,HRV,2019,56.303247958306
Croatia,HRV,2018,56.093170097094
Croatia,HRV,2017,55.9009887365155
Croatia,HRV,2016,55.7294398599808
Croatia,HRV,2015,55.5812594509004
Croatia,HRV,2014,55.4591834926844
Croatia,HRV,2013,55.3659479687433
Croatia,HRV,2012,55.3042888624873
Croatia,HRV,2011,55.2773793281248
Croatia,HRV,2010,55.2824979327886
Croatia,HRV,2009,55.3096640250682
Croatia,HRV,2008,55.3530687812969
Croatia,HRV,2007,55.4077128728613
Croatia,HRV,2006,55.4685969711483
Croatia,HRV,2005,55.5307217475444
Croatia,HRV,2004,55.5890878734365
Croatia,HRV,2003,55.6386960202113
Croatia,HRV,2002,55.6745468592554
Croatia,HRV,2001,55.6913829056559
Croatia,HRV,2000,55.6818319251231
Croatia,HRV,1999,55.6365686493584
Croatia,HRV,1998,55.5584318277687
Croatia,HRV,1997,55.4504271499415
Croatia,HRV,1996,55.3155603054641
Croatia,HRV,1995,55.1568369839241
Croatia,HRV,1994,54.9772628749087
Croatia,HRV,1993,54.7798436680054
Croatia,HRV,1992,54.5675850528016
Croatia,HRV,1991,54.347540899497
Croatia,HRV,1990,54.0680161889492
Croatia,HRV,1989,53.6515859501566
Croatia,HRV,1988,53.1134817944746
Croatia,HRV,1987,52.4778371664827
Croatia,HRV,1986,51.7687855107607
Croatia,HRV,1985,51.0104602718882
Croatia,HRV,1984,50.2269948944448
Croatia,HRV,1983,49.4425228230101
Croatia,HRV,1982,48.6811775021638
Croatia,HRV,1981,47.9697280958491
Croatia,HRV,1980,47.3061844048415
Croatia,HRV,1979,46.6623086469628
Croatia,HRV,1978,46.0266048990942
Croatia,HRV,1977,45.3918761719654
Croatia,HRV,1976,44.7509254763058
Croatia,HRV,1975,44.096555822845
Croatia,HRV,1974,43.4215702223125
Croatia,HRV,1973,42.7187716854379
Croatia,HRV,1972,41.9809632229508
Croatia,HRV,1971,41.2016890347163
Croatia,HRV,1970,40.3580754592184
Croatia,HRV,1969,39.4260696313841
Croatia,HRV,1968,38.4225881172827
Croatia,HRV,1967,37.3670274522966
Croatia,HRV,1966,36.2787841718078
Croatia,HRV,1965,35.1772548111985
Croatia,HRV,1964,34.0818359058508
Croatia,HRV,1963,33.0119239911468
Croatia,HRV,1962,31.9869156024686
Croatia,HRV,1961,31.0293667366837
Croatia,HRV,1960,30.1287842196594
Hungary,HUN,2024,70.491825943218
Hungary,HUN,2023,70.2923026891431
Hungary,HUN,2022,70.1585064243445
Hungary,HUN,2021,70.2059275331413
Hungary,HUN,2020,70.2917327880859
Hungary,HUN,2019,70.4565277099609
Hungary,HUN,2018,70.4711761474609
Hungary,HUN,2017,70.4542541503906
Hungary,HUN,2016,70.4733810424805
Hungary,HUN,2015,70.4847717285156
Hungary,HUN,2014,70.3071053512008
Hungary,HUN,2013,69.9277636266638
Hungary,HUN,2012,69.5772326660156
Hungary,HUN,2011,69.4779934082031
Hungary,HUN,2010,69.5305480957031
Hungary,HUN,2009,68.4592590332031
Hungary,HUN,2008,68.0976986078883
Hungary,HUN,2007,67.0041656494141
Hungary,HUN,2006,67.0155868530273
Hungary,HUN,2005,66.1261367797852
Hungary,HUN,2004,65.0225372314453
Hungary,HUN,2003,64.8452987670898
Hungary,HUN,2002,65.0400009155273
Hungary,HUN,2001,64.646880283041
Hungary,HUN,2000,64.2602344392211
Hungary,HUN,1999,63.9345437336226
Hungary,HUN,1998,63.6080202030422
Hungary,HUN,1997,63.2809526136067
Hungary,HUN,1996,62.9536297314429
Hungary,HUN,1995,62.6263403226773
Hungary,HUN,1994,62.2993731534369
Hungary,HUN,1993,61.9730169898483
Hungary,HUN,1992,61.6475605980383
Hungary,HUN,1991,61.3232927441337
Hungary,HUN,1990,61.000502194261
Hungary,HUN,1989,60.6794777145472
Hungary,HUN,1988,60.360508071119
Hungary,HUN,1987,60.043882030103
Hungary,HUN,1986,59.7298883576261
Hungary,HUN,1985,59.4188158198149
Hungary,HUN,1984,59.1109531827963
Hungary,HUN,1983,58.8065892126969
Hungary,HUN,1982,58.5060126756435
Hungary,HUN,1981,58.2095123377629
Hungary,HUN,1980,57.9173769651817
Hungary,HUN,1979,57.6298953240268
Hungary,HUN,1978,57.3473561804248
Hungary,HUN,1977,57.0700483005026
Hungary,HUN,1976,56.7982604503868
Hungary,HUN,1975,56.5322813962041
Hungary,HUN,1974,56.2723999040815
Hungary,HUN,1973,56.0189047401455
Hungary,HUN,1972,55.7720846705229
Hungary,HUN,1971,55.5322284613404
Hungary,HUN,1970,55.2996248787249
Hungary,HUN,1969,55.074562688803
Hungary,HUN,1968,54.8573306577015
Hungary,HUN,1967,54.6482175515471
Hungary,HUN,1966,54.4475121364666
Hungary,HUN,1965,54.2555031785867
Hungary,HUN,1964,54.0724794440342
Hungary,HUN,1963,53.8987296989357
Hungary,HUN,1962,53.7345427094181
Hungary,HUN,1961,53.580207241608
Hungary,HUN,1960,53.4360120616323
Ireland,IRL,2024,64.3470379255585
Ireland,IRL,2023,64.1152082461268
Ireland,IRL,2022,63.8920250215059
Ireland,IRL,2021,63.6774229356985
Ireland,IRL,2020,63.4713366724915
Ireland,IRL,2019,63.2737009154127
Ireland,IRL,2018,63.0844503476779
Ireland,IRL,2017,62.9035196521232
Ireland,IRL,2016,62.7229399123734
Ireland,IRL,2015,62.6392123492764
Ireland,IRL,2014,62.535401730577
Ireland,IRL,2013,62.4047157756118
Ireland,IRL,2012,62.2529318511038
Ireland,IRL,2011,62.0872735820277
Ireland,IRL,2010,61.8910689348512
Ireland,IRL,2009,61.6421022728798
Ireland,IRL,2008,61.3581903884996
Ireland,IRL,2007,61.0601979374234
Ireland,IRL,2006,60.7703677431593
Ireland,IRL,2005,60.4882988006461
Ireland,IRL,2004,60.1994750854288
Ireland,IRL,2003,59.9120142632573
Ireland,IRL,2002,59.6367259990731
Ireland,IRL,2001,59.3763923617156
Ireland,IRL,2000,59.1247997891425
Ireland,IRL,1999,58.8800098607384
Ireland,IRL,1998,58.6407683900153
Ireland,IRL,1997,58.4058211904851
Ireland,IRL,1996,58.1743161677665
Ireland,IRL,1995,57.9391944274763
Ireland,IRL,1994,57.6989865369237
Ireland,IRL,1993,57.4647494894716
Ireland,IRL,1992,57.2482078114213
Ireland,IRL,1991,57.0615580637211
Ireland,IRL,1990,56.9095941132045
Ireland,IRL,1989,56.7817832011751
Ireland,IRL,1988,56.6660711580872
Ireland,IRL,1987,56.5510451146144
Ireland,IRL,1986,56.4242497997356
Ireland,IRL,1985,56.2871472116201
Ireland,IRL,1984,56.1482789000872
Ireland,IRL,1983,56.0017381748838
Ireland,IRL,1982,55.8398832572538
Ireland,IRL,1981,55.6545423116142
Ireland,IRL,1980,55.4406981944175
Ireland,IRL,1979,55.1962073982082
Ireland,IRL,1978,54.9229924049116
Ireland,IRL,1977,54.6224307161041
Ireland,IRL,1976,54.2958998333622
Ireland,IRL,1975,53.9447772582623
Ireland,IRL,1974,53.5704404923808
Ireland,IRL,1973,53.1742670372942
Ireland,IRL,1972,52.7576343945787
Ireland,IRL,1971,52.3236946036989
Ireland,IRL,1970,51.8454815445478
Ireland,IRL,1969,51.2915782108973
Ireland,IRL,1968,50.6774259588724
Ireland,IRL,1967,50.021799154292
Ireland,IRL,1966,49.3478045796129
Ireland,IRL,1965,48.6089077192659
Ireland,IRL,1964,47.7632999301661
Ireland,IRL,1963,46.8873936107826
Ireland,IRL,1962,46.0657794516136
Ireland,IRL,1961,45.3886927459708
Ireland,IRL,1960,44.8695987621473
Italy,ITA,2024,69.6047535143071
Italy,ITA,2023,69.5381540123301
Italy,ITA,2022,69.4839779766539
Italy,ITA,2021,69.4812507629394
Italy,ITA,2020,69.5187492370606
Italy,ITA,2019,69.5050010681153
Italy,ITA,2018,69.4800033569336
Italy,ITA,2017,69.5180784259382
Italy,ITA,2016,69.5969232525286
Italy,ITA,2015,69.6100006103516
Italy,ITA,2014,69.5807638614879
Italy,ITA,2013,69.3073989916076
Italy,ITA,2012,68.7608794235259
Italy,ITA,2011,68.4015073889511
Italy,ITA,2010,68.2163741829857
Italy,ITA,2009,68.0494239486665
Italy,ITA,2008,67.9071958431441
Italy,ITA,2007,67.7857771296669
Italy,ITA,2006,67.6812550714834
Italy,ITA,2005,67.5897169318419
Italy,ITA,2004,67.5072499739908
Italy,ITA,2003,67.4299414611787
Italy,ITA,2002,67.3538786566538
Italy,ITA,2001,67.27519882288
Italy,ITA,2000,67.1932283786243
Italy,ITA,1999,67.1102142532851
Italy,ITA,1998,67.0286199053679
Italy,ITA,1997,66.950870776995
Italy,ITA,1996,66.8793923102889
Italy,ITA,1995,66.8166099473719
Italy,ITA,1994,66.7649491303665
Italy,ITA,1993,66.7268353013949
Italy,ITA,1992,66.7046939025797
Italy,ITA,1991,66.7007288477386
Italy,ITA,1990,66.709368079219
Italy,ITA,1989,66.7270715012812
Italy,ITA,1988,66.7512501282587
Italy,ITA,1987,66.779494034266
Italy,ITA,1986,66.8093932934176
Italy,ITA,1985,66.838537979828
Italy,ITA,1984,66.8645181676116
Italy,ITA,1983,66.8849239308828
Italy,ITA,1982,66.8973453437563
Italy,ITA,1981,66.8957067261538
Italy,ITA,1980,66.8477133126008
Italy,ITA,1979,66.7446863920592
Italy,ITA,1978,66.5946562318235
Italy,ITA,1977,66.4045486314727
Italy,ITA,1976,66.1812893905852
Italy,ITA,1975,65.93180430874
Italy,ITA,1974,65.6630191855156
Italy,ITA,1973,65.3818598204908
Italy,ITA,1972,65.0952520132444
Italy,ITA,1971,64.8011235401742
Italy,ITA,1970,64.4584859539895
Italy,ITA,1969,64.0449439615316
Italy,ITA,1968,63.5773058850175
Italy,ITA,1967,63.0678165484433
Italy,ITA,1966,62.5287207758048
Italy,ITA,1965,61.9722633910981
Italy,ITA,1964,61.4106892183191
Italy,ITA,1963,60.8562430814637
Italy,ITA,1962,60.3211698045279
Italy,ITA,1961,59.8108936598119
Italy,ITA,1960,59.2893774438496
Lithuania,LTU,2024,68.8285833315315
Lithuania,LTU,2023,68.575454583199
Lithuania,LTU,2022,68.2866452426813
Lithuania,LTU,2021,68.1912117004395
Lithuania,LTU,2020,67.4254608154297
Lithuania,LTU,2019,67.245735168457
Lithuania,LTU,2018,67.1464742010457
Lithuania,LTU,2017,67.1012954711914
Lithuania,LTU,2016,67.1894226074219
Lithuania,LTU,2015,67.2282485961914
Lithuania,LTU,2014,67.1514937628023
Lithuania,LTU,2013,67.0092086791992
Lithuania,LTU,2012,66.8536758422852
Lithuania,LTU,2011,66.7518340055756
Lithuania,LTU,2010,66.7712860107422
Lithuania,LTU,2009,66.7816619873047
Lithuania,LTU,2008,66.7527770996094
Lithuania,LTU,2007,66.7184982299805
Lithuania,LTU,2006,66.6381530761719
Lithuania,LTU,2005,66.5784912109375
Lithuania,LTU,2004,66.6022567749023
Lithuania,LTU,2003,66.7596664428711
Lithuania,LTU,2002,66.8887100219727
Lithuania,LTU,2001,66.9286097501613
Lithuania,LTU,2000,66.9768374826555
Lithuania,LTU,1999,67.0382460801258
Lithuania,LTU,1998,67.1089563241809
Lithuania,LTU,1997,67.1859759231267
Lithuania,LTU,1996,67.2663125852689
Lithuania,LTU,1995,67.3469740189134
Lithuania,LTU,1994,67.4249679323659
Lithuania,LTU,1993,67.4973020339323
Lithuania,LTU,1992,67.5609840319184
Lithuania,LTU,1991,67.6130216346299
Lithuania,LTU,1990,67.6504225503728
Lithuania,LTU,1989,67.6694848674817
Lithuania,LTU,1988,67.4002456665039
Lithuania,LTU,1987,66.7879943847656
Lithuania,LTU,1986,66.1096343994141
Lithuania,LTU,1985,65.4525299072266
Lithuania,LTU,1984,64.801513671875
Lithuania,LTU,1983,64.0898742675781
Lithuania,LTU,1982,63.3279037475586
Lithuania,LTU,1981,62.4556427001953
Lithuania,LTU,1980,61.4531440734863
Lithuania,LTU,1979,60.4604820792967
Lithuania,LTU,1978,59.4188079833984
Lithuania,LTU,1977,58.3479881286621
Lithuania,LTU,1976,57.3460998535156
Lithuania,LTU,1975,56.2189750671387
Lithuania,LTU,1974,55.0108833312988
Lithuania,LTU,1973,53.8523483276367
Lithuania,LTU,1972,52.6267242431641
Lithuania,LTU,1971,51.3255729675293
Lithuania,LTU,1970,50.6384767546272
Lithuania,LTU,1969,49.3315353393555
Lithuania,LTU,1968,47.7800521850586
Lithuania,LTU,1967,46.554328918457
Lithuania,LTU,1966,45.4506149291992
Lithuania,LTU,1965,44.4119110107422
Lithuania,LTU,1964,43.4007911682129
Lithuania,LTU,1963,42.4215240478516
Lithuania,LTU,1962,41.5205688476562
Lithuania,LTU,1961,40.6679420471191
Lithuania,LTU,1960,39.7610321044922
Luxembourg,LUX,2024,94.8438702866393
Luxembourg,LUX,2023,94.8015300320787
Luxembourg,LUX,2022,94.7605400940185
Luxembourg,LUX,2021,94.5861743396533
Luxembourg,LUX,2020,93.8600689970981
Luxembourg,LUX,2019,93.2589839734767
Luxembourg,LUX,2018,92.6709441899184
Luxembourg,LUX,2017,92.0963768119916
Luxembourg,LUX,2016,91.5357090052649
Luxembourg,LUX,2015,90.9893679353068
Luxembourg,LUX,2014,90.4577807676859
Luxembourg,LUX,2013,89.9413746679705
Luxembourg,LUX,2012,89.4405768017292
Luxembourg,LUX,2011,88.9562814837254
Luxembourg,LUX,2010,88.48791681658
Luxembourg,LUX,2009,88.0379076027949
Luxembourg,LUX,2008,87.6037664162874
Luxembourg,LUX,2007,87.1831946460401
Luxembourg,LUX,2006,86.7738936810355
Luxembourg,LUX,2005,86.3735649102561
Luxembourg,LUX,2004,85.9799097226846
Luxembourg,LUX,2003,85.5906295073034
Luxembourg,LUX,2002,85.203425653095
Luxembourg,LUX,2001,84.8173254067976
Luxembourg,LUX,2000,84.4182155177842
Luxembourg,LUX,1999,83.9860397252884
Luxembourg,LUX,1998,83.5316200221732
Luxembourg,LUX,1997,83.0703531966602
Luxembourg,LUX,1996,82.6176360369709
Luxembourg,LUX,1995,82.1888653313266
Luxembourg,LUX,1994,81.799437867949
Luxembourg,LUX,1993,81.4647504350596
Luxembourg,LUX,1992,81.2001998208798
Luxembourg,LUX,1991,81.025113008349
Luxembourg,LUX,1990,80.9240540529049
Luxembourg,LUX,1989,80.8533836248822
Luxembourg,LUX,1988,80.7996431570829
Luxembourg,LUX,1987,80.7575564710961
Luxembourg,LUX,1986,80.7218473885114
Luxembourg,LUX,1985,80.6872397309181
Luxembourg,LUX,1984,80.6484573199055
Luxembourg,LUX,1983,80.6002239770629
Luxembourg,LUX,1982,80.5372635239798
Luxembourg,LUX,1981,80.4568609918507
Luxembourg,LUX,1980,80.3023848276065
Luxembourg,LUX,1979,79.9876179763701
Luxembourg,LUX,1978,79.5337643469223
Luxembourg,LUX,1977,78.9696979305431
Luxembourg,LUX,1976,78.3242927185128
Luxembourg,LUX,1975,77.6264227021113
Luxembourg,LUX,1974,76.904961872619
Luxembourg,LUX,1973,76.1887842213159
Luxembourg,LUX,1972,75.5067637394821
Luxembourg,LUX,1971,74.8877744183978
Luxembourg,LUX,1970,74.3396910235695
Luxembourg,LUX,1969,73.7999603745822
Luxembourg,LUX,1968,73.2469956738624
Luxembourg,LUX,1967,72.693896415091
Luxembourg,LUX,1966,72.1489898051601
Luxembourg,LUX,1965,71.6206030509616
Luxembourg,LUX,1964,71.1170633593874
Luxembourg,LUX,1963,70.6466979373293
Luxembourg,LUX,1962,70.2178339916795
Luxembourg,LUX,1961,69.8387987293297
Luxembourg,LUX,1960,69.5090948970592
Latvia,LVA,2024,68.4839492628509
Latvia,LVA,2023,68.3586316343061
Latvia,LVA,2022,68.2570218109034
Latvia,LVA,2021,68.1808791463693
Latvia,LVA,2020,68.1211222872228
Latvia,LVA,2019,68.066323694246
Latvia,LVA,2018,68.0160346376376
Latvia,LVA,2017,67.9706866054779
Latvia,LVA,2016,67.9307110858472
Latvia,LVA,2015,67.8965395668259
Latvia,LVA,2014,67.8686035364944
Latvia,LVA,2013,67.847334482933
Latvia,LVA,2012,67.8331638942219
Latvia,LVA,2011,67.8266897008267
Latvia,LVA,2010,67.8270681752453
Latvia,LVA,2009,67.8323653539295
Latvia,LVA,2008,67.8420335208058
Latvia,LVA,2007,67.8558853865191
Latvia,LVA,2006,67.873733661714
Latvia,LVA,2005,67.8953910570353
Latvia,LVA,2004,67.9206702831277
Latvia,LVA,2003,67.9493840506358
Latvia,LVA,2002,67.9813450702046
Latvia,LVA,2001,68.0163660524785
Latvia,LVA,2000,68.0520561441955
Latvia,LVA,1999,68.1257188379637
Latvia,LVA,1998,68.2946532826521
Latvia,LVA,1997,68.5431100935952
Latvia,LVA,1996,68.8495525824891
Latvia,LVA,1995,69.1924440610299
Latvia,LVA,1994,69.5502478409138
Latvia,LVA,1993,69.9014272338369
Latvia,LVA,1992,70.2244455514955
Latvia,LVA,1991,70.4977661055857
Latvia,LVA,1990,70.6998522078036
Latvia,LVA,1989,70.8053216838484
Latvia,LVA,1988,70.8083551316555
Latvia,LVA,1987,70.7111198693797
Latvia,LVA,1986,70.5315804736626
Latvia,LVA,1985,70.281866869542
Latvia,LVA,1984,69.9741089820555
Latvia,LVA,1983,69.620436736241
Latvia,LVA,1982,69.2329800571362
Latvia,LVA,1981,68.8238688697789
Latvia,LVA,1980,68.405233099207
Latvia,LVA,1979,67.9932770078434
Latvia,LVA,1978,67.5720708490104
Latvia,LVA,1977,67.0876520298367
Latvia,LVA,1976,66.539571278776
Latvia,LVA,1975,65.9424433633385
Latvia,LVA,1974,65.3108830510341
Latvia,LVA,1973,64.6595051093728
Latvia,LVA,1972,64.0029243058646
Latvia,LVA,1971,63.3557554080196
Latvia,LVA,1970,62.7347095984444
Latvia,LVA,1969,62.1451480611938
Latvia,LVA,1968,61.584028515182
Latvia,LVA,1967,61.0403093353081
Latvia,LVA,1966,60.5063991860941
Latvia,LVA,1965,59.9747067320615
Latvia,LVA,1964,59.4376406377323
Latvia,LVA,1963,58.8876095676281
Latvia,LVA,1962,58.3170221862707
Latvia,LVA,1961,57.718287158182
Latvia,LVA,1960,57.0838131478836
Malta,MLT,2024,95.6546264490509
Malta,MLT,2023,95.6272277147965
Malta,MLT,2022,95.6003155132879
Malta,MLT,2021,95.5145343617045
Malta,MLT,2020,95.1841082280263
Malta,MLT,2019,94.9332032524644
Malta,MLT,2018,94.7242373261706
Malta,MLT,2017,94.5691806330314
Malta,MLT,2016,94.4800033569336
Malta,MLT,2015,94.4387696268011
Malta,MLT,2014,94.412512773898
Malta,MLT,2013,94.3906567856206
Malta,MLT,2012,94.3626256493653
Malta,MLT,2011,94.3155916422812
Malta,MLT,2010,94.2412435620154
Malta,MLT,2009,94.1423744490362
Malta,MLT,2008,94.0294765354989
Malta,MLT,2007,93.9118231189546
Malta,MLT,2006,93.7986874969541
Malta,MLT,2005,93.6985189936163
Malta,MLT,2004,93.6081858790552
Malta,MLT,2003,93.5241031580205
Malta,MLT,2002,93.4431095912187
Malta,MLT,2001,93.3621924014528
Malta,MLT,2000,93.278338811526
Malta,MLT,1999,93.1885360442413
Malta,MLT,1998,93.089771322402
Malta,MLT,1997,92.979031868811
Malta,MLT,1996,92.8533049062716
Malta,MLT,1995,92.6973466192341
Malta,MLT,1994,92.4710310230744
Malta,MLT,1993,92.1649070648702
Malta,MLT,1992,91.8075628458526
Malta,MLT,1991,91.4221778816616
Malta,MLT,1990,91.0319316879368
Malta,MLT,1989,90.660003780318
Malta,MLT,1988,90.329573674445
Malta,MLT,1987,90.0638208859576
Malta,MLT,1986,89.8859249304955
Malta,MLT,1985,89.8070311235437
Malta,MLT,1984,89.7593616603886
Malta,MLT,1983,89.7117075053587
Malta,MLT,1982,89.6669774226368
Malta,MLT,1981,89.6251763111067
Malta,MLT,1980,89.586309069652
Malta,MLT,1979,89.5503805971564
Malta,MLT,1978,89.5173957925038
Malta,MLT,1977,89.4873595545778
Malta,MLT,1976,89.460276782262
Malta,MLT,1975,89.4361523744403
Malta,MLT,1974,89.4149912299964
Malta,MLT,1973,89.3967982478139
Malta,MLT,1972,89.3815783267766
Malta,MLT,1971,89.3693363657681
Malta,MLT,1970,89.3600772636723
Malta,MLT,1969,89.3538059193728
Malta,MLT,1968,89.3505272317533
Malta,MLT,1967,89.3558245936616
Malta,MLT,1966,89.4001018972914
Malta,MLT,1965,89.4858934593124
Malta,MLT,1964,89.6006655195911
Malta,MLT,1963,89.7332213287015
Malta,MLT,1962,89.8723641372175
Malta,MLT,1961,90.0068971957132
Malta,MLT,1960,90.1256237547625
Netherlands,NLD,2024,95.6396517079336
Netherlands,NLD,2023,95.3221682092129
Netherlands,NLD,2022,94.9856177734136
Netherlands,NLD,2021,94.6294783220315
Netherlands,NLD,2020,94.2532277765935
Netherlands,NLD,2019,93.8898028856479
Netherlands,NLD,2018,92.6062472401044
Netherlands,NLD,2017,91.1219700676602
Netherlands,NLD,2016,90.5803239452777
Netherlands,NLD,2015,90.2787737214621
Netherlands,NLD,2014,89.8364787097165
Netherlands,NLD,2013,89.1749992370605
Netherlands,NLD,2012,88.5342462391333
Netherlands,NLD,2011,88.0059204972573
Netherlands,NLD,2010,87.3502790247129
Netherlands,NLD,2009,86.2223179632671
Netherlands,NLD,2008,85.6149582464487
Netherlands,NLD,2007,85.4089231499726
Netherlands,NLD,2006,84.6532280358545
Netherlands,NLD,2005,83.5048949725161
Netherlands,NLD,2004,82.250953139759
Netherlands,NLD,2003,81.3011308878582
Netherlands,NLD,2002,80.8085275226169
Netherlands,NLD,2001,80.1840578652121
Netherlands,NLD,2000,78.4826828427081
Netherlands,NLD,1999,77.06074312186
Netherlands,NLD,1998,76.75231877333
Netherlands,NLD,1997,75.5542374231759
Netherlands,NLD,1996,72.423330585432
Netherlands,NLD,1995,70.6936274148982
Netherlands,NLD,1994,70.4100572065956
Netherlands,NLD,1993,69.7586743487312
Netherlands,NLD,1992,69.3087428522066
Netherlands,NLD,1991,69.207275104499
Netherlands,NLD,1990,68.9873866123858
Netherlands,NLD,1989,68.7694983479699
Netherlands,NLD,1988,68.4297717390978
Netherlands,NLD,1987,68.1618313368721
Netherlands,NLD,1986,67.9703519560553
Netherlands,NLD,1985,67.6199041976798
Netherlands,NLD,1984,67.3599259873107
Netherlands,NLD,1983,66.9212225491404
Netherlands,NLD,1982,66.4592719100305
Netherlands,NLD,1981,65.7435863758735
Netherlands,NLD,1980,64.9910579834901
Netherlands,NLD,1979,64.8118155336277
Netherlands,NLD,1978,64.6237502098191
Netherlands,NLD,1977,64.5849990844727
Netherlands,NLD,1976,64.5073879178842
Netherlands,NLD,1975,64.3950631000185
Netherlands,NLD,1974,64.2199467610583
Netherlands,NLD,1973,63.5118508657968
Netherlands,NLD,1972,63.0746235072864
Netherlands,NLD,1971,62.8052756331034
Netherlands,NLD,1970,62.0858545036707
Netherlands,NLD,1969,61.7999992370606
Netherlands,NLD,1968,61.7893532277632
Netherlands,NLD,1967,61.6232763963874
Netherlands,NLD,1966,61.3023686210886
Netherlands,NLD,1965,61.1599998474122
Netherlands,NLD,1964,60.8579677699946
Netherlands,NLD,1963,60.3370338321783
Netherlands,NLD,1962,60.3050003051757
Netherlands,NLD,1961,60.1397439209274
Netherlands,NLD,1960,59.9400395547645
Poland,POL,2024,59.9705468695101
Poland,POL,2023,59.8859561370214
Poland,POL,2022,59.8315488048321
Poland,POL,2021,59.8096513205543
Poland,POL,2020,59.8738141138092
Poland,POL,2019,59.9626184068963
Poland,POL,2018,60.0533306480907
Poland,POL,2017,60.145888199417
Poland,POL,2016,60.2402284228997
Poland,POL,2015,60.3362886805635
Poland,POL,2014,60.4340063344328
Poland,POL,2013,60.5333187465323
Poland,POL,2012,60.6341632788866
Poland,POL,2011,60.7357090652544
Poland,POL,2010,60.8474783987677
Poland,POL,2009,60.9800753477
Poland,POL,2008,61.1258760375274
Poland,POL,2007,61.2756005207604
Poland,POL,2006,61.4199688499096
Poland,POL,2005,61.5497010774856
Poland,POL,2004,61.6555172559989
Poland,POL,2003,61.7281374379602
Poland,POL,2002,61.7581534555696
Poland,POL,2001,61.7557708646056
Poland,POL,2000,61.7459160613903
Poland,POL,1999,61.7291881056396
Poland,POL,1998,61.7057783335144
Poland,POL,1997,61.6758780811754
Poland,POL,1996,61.6396786847836
Poland,POL,1995,61.5973714804995
Poland,POL,1994,61.5491478044841
Poland,POL,1993,61.4951989928981
Poland,POL,1992,61.4357163819024
Poland,POL,1991,61.3708913076577
Poland,POL,1990,61.3009151063249
Poland,POL,1989,61.2259791140646
Poland,POL,1988,61.132169783268
Poland,POL,1987,60.9741110089033
Poland,POL,1986,60.7310600195075
Poland,POL,1985,60.4198108078166
Poland,POL,1984,60.051470605614
Poland,POL,1983,59.6371466446833
Poland,POL,1982,59.1879461568081
Poland,POL,1981,58.7149763737717
Poland,POL,1980,58.2293445273576
Poland,POL,1979,57.7421578493495
Poland,POL,1978,57.2426552667943
Poland,POL,1977,56.6722675628761
Poland,POL,1976,56.0126261320806
Poland,POL,1975,55.3029291078427
Poland,POL,1974,54.5736658357177
Poland,POL,1973,53.8553256612611
Poland,POL,1972,53.1783979300284
Poland,POL,1971,52.573371987575
Poland,POL,1970,52.0669426831476
Poland,POL,1969,51.6287473034525
Poland,POL,1968,51.2415506701898
Poland,POL,1967,50.8883318947378
Poland,POL,1966,50.553540499399
Poland,POL,1965,50.221626006476
Poland,POL,1964,49.8770379382713
Poland,POL,1963,49.5042258170874
Poland,POL,1962,49.0876391652269
Poland,POL,1961,48.6117275049923
Poland,POL,1960,48.0560460566307
Portugal,PRT,2024,61.3281907341332
Portugal,PRT,2023,61.2048652633664
Portugal,PRT,2022,61.1259255772782
Portugal,PRT,2021,61.0951249296597
Portugal,PRT,2020,61.1042566768691
Portugal,PRT,2019,61.114927250613
Portugal,PRT,2018,61.1233069673808
Portugal,PRT,2017,61.1296726507436
Portugal,PRT,2016,61.1343011242723
Portugal,PRT,2015,61.137469211538
Portugal,PRT,2014,61.1394537361116
Portugal,PRT,2013,61.1405315215642
Portugal,PRT,2012,61.1409793914666
Portugal,PRT,2011,61.1410698395502
Portugal,PRT,2010,61.0788867241731
Portugal,PRT,2009,60.8066368745822
Portugal,PRT,2008,60.3510029424595
Portugal,PRT,2007,59.7481128966109
Portugal,PRT,2006,59.0340947058419
Portugal,PRT,2005,58.2450763389585
Portugal,PRT,2004,57.4171857647664
Portugal,PRT,2003,56.5865509520713
Portugal,PRT,2002,55.789299869679
Portugal,PRT,2001,55.0679833009212
Portugal,PRT,2000,54.4051635389142
Portugal,PRT,1999,53.7396730104491
Portugal,PRT,1998,53.063097347651
Portugal,PRT,1997,52.3795796967868
Portugal,PRT,1996,51.6932632041232
Portugal,PRT,1995,51.008291015927
Portugal,PRT,1994,50.3288062784649
Portugal,PRT,1993,49.6589521380037
Portugal,PRT,1992,49.0028717408102
Portugal,PRT,1991,48.365859825148
Portugal,PRT,1990,47.7384263697872
Portugal,PRT,1989,47.1050085736614
Portugal,PRT,1988,46.4649972272877
Portugal,PRT,1987,45.8196188291202
Portugal,PRT,1986,45.1700998776134
Portugal,PRT,1985,44.5176668712215
Portugal,PRT,1984,43.8635463083987
Portugal,PRT,1983,43.2089646875993
Portugal,PRT,1982,42.5551485072777
Portugal,PRT,1981,41.9033242658881
Portugal,PRT,1980,41.2547184618848
Portugal,PRT,1979,40.610557593722
Portugal,PRT,1978,39.9720681598541
Portugal,PRT,1977,39.3404766587354
Portugal,PRT,1976,38.71700958882
Portugal,PRT,1975,38.1028934485623
Portugal,PRT,1974,37.4993547364166
Portugal,PRT,1973,36.9076199508372
Portugal,PRT,1972,36.3289155902783
Portugal,PRT,1971,35.7644681531942
Portugal,PRT,1970,35.2155041380392
Portugal,PRT,1969,34.6832500432675
Portugal,PRT,1968,34.1689323673336
Portugal,PRT,1967,33.6737776086916
Portugal,PRT,1966,33.1990122657958
Portugal,PRT,1965,32.7458628371005
Portugal,PRT,1964,32.31555582106
Portugal,PRT,1963,31.9093177161286
Portugal,PRT,1962,31.5283750207605
Portugal,PRT,1961,31.17395423341
Portugal,PRT,1960,30.8412995481506
Romania,ROU,2024,52.1674778928768
Romania,ROU,2023,52.1645747011867
Romania,ROU,2022,52.1634832477272
Romania,ROU,2021,52.2321512130811
Romania,ROU,2020,52.611947245178
Romania,ROU,2019,52.8931835224862
Romania,ROU,2018,53.1445711571868
Romania,ROU,2017,53.3648643239046
Romania,ROU,2016,53.5528171972639
Romania,ROU,2015,53.7071839518893
Romania,ROU,2014,53.8267187624053
Romania,ROU,2013,53.9101758034365
Romania,ROU,2012,53.9563092496073
Romania,ROU,2011,53.9608874244169
Romania,ROU,2010,53.9038227941329
Romania,ROU,2009,53.7875150259042
Romania,ROU,2008,53.6297858153706
Romania,ROU,2007,53.4472789126416
Romania,ROU,2006,53.2566380678272
Romania,ROU,2005,53.074507031037
Romania,ROU,2004,52.9175295523808
Romania,ROU,2003,52.8023493819682
Romania,ROU,2002,52.7466427937759
Romania,ROU,2001,52.764808691157
Romania,ROU,2000,52.8619549004535
Romania,ROU,1999,53.0197228815939
Romania,ROU,1998,53.2201892003114
Romania,ROU,1997,53.4454304223393
Romania,ROU,1996,53.677523113411
Romania,ROU,1995,53.8985438392597
Romania,ROU,1994,54.0905691656188
Romania,ROU,1993,54.2356756582215
Romania,ROU,1992,54.3130567791968
Romania,ROU,1991,54.3126803188199
Romania,ROU,1990,54.213790243794
Romania,ROU,1989,54.0257760716363
Romania,ROU,1988,53.7567996584194
Romania,ROU,1987,53.4150228602158
Romania,ROU,1986,53.0086075330978
Romania,ROU,1985,52.545715533138
Romania,ROU,1984,52.034508716409
Romania,ROU,1983,51.4831489389831
Romania,ROU,1982,50.8997980569328
Romania,ROU,1981,50.2926179263308
Romania,ROU,1980,49.6697704032493
Romania,ROU,1979,49.039417343761
Romania,ROU,1978,48.4097206039383
Romania,ROU,1977,47.7938166712335
Romania,ROU,1976,47.1678438656352
Romania,ROU,1975,46.4613461148728
Romania,ROU,1974,45.6713469544751
Romania,ROU,1973,44.8155482110751
Romania,ROU,1972,43.9116517113062
Romania,ROU,1971,42.9773592818015
Romania,ROU,1970,42.0303727491942
Romania,ROU,1969,41.0883939401174
Romania,ROU,1968,40.1691246812045
Romania,ROU,1967,39.2902667990885
Romania,ROU,1966,38.4717011275803
Romania,ROU,1965,37.7160643078975
Romania,ROU,1964,37.0092450212326
Romania,ROU,1963,36.3363018469226
Romania,ROU,1962,35.6855032779392
Romania,ROU,1961,35.0451178072543
Romania,ROU,1960,34.4034139278397
Slovak Republic,SVK,2024,53.1919702985684
Slovak Republic,SVK,2023,53.190805019646
Slovak Republic,SVK,2022,53.1902831072528
Slovak Republic,SVK,2021,53.1901479870605
Slovak Republic,SVK,2020,53.2481998906526
Slovak Republic,SVK,2019,53.3666558664583
Slovak Republic,SVK,2018,53.4881496935559
Slovak Republic,SVK,2017,53.6126018237016
Slovak Republic,SVK,2016,53.7399327086517
Slovak Republic,SVK,2015,53.8700628001622
Slovak Republic,SVK,2014,54.0029125499893
Slovak Republic,SVK,2013,54.1384024098892
Slovak Republic,SVK,2012,54.2764528316182
Slovak Republic,SVK,2011,54.4167387988534
Slovak Republic,SVK,2010,54.5650740704331
Slovak Republic,SVK,2009,54.7260356993483
Slovak Republic,SVK,2008,54.895930446636
Slovak Republic,SVK,2007,55.0707354484001
Slovak Republic,SVK,2006,55.2464278407442
Slovak Republic,SVK,2005,55.4189847597721
Slovak Republic,SVK,2004,55.5843833415875
Slovak Republic,SVK,2003,55.7386007222942
Slovak Republic,SVK,2002,55.8776140379959
Slovak Republic,SVK,2001,55.9968426739371
Slovak Republic,SVK,2000,56.1058893284907
Slovak Republic,SVK,1999,56.2168739353574
Slovak Republic,SVK,1998,56.3273931206821
Slovak Republic,SVK,1997,56.4343476181338
Slovak Republic,SVK,1996,56.5346381613813
Slovak Republic,SVK,1995,56.6251654840935
Slovak Republic,SVK,1994,56.7028303199392
Slovak Republic,SVK,1993,56.7645334025874
Slovak Republic,SVK,1992,56.807175465707
Slovak Republic,SVK,1991,56.8271887773122
Slovak Republic,SVK,1990,56.7967872243793
Slovak Republic,SVK,1989,56.6379862252511
Slovak Republic,SVK,1988,56.3607352920324
Slovak Republic,SVK,1987,55.9808881732776
Slovak Republic,SVK,1986,55.5142986175413
Slovak Republic,SVK,1985,54.9768203733779
Slovak Republic,SVK,1984,54.384307189342
Slovak Republic,SVK,1983,53.7526128139881
Slovak Republic,SVK,1982,53.0975909958706
Slovak Republic,SVK,1981,52.435095483544
Slovak Republic,SVK,1980,51.7569015831325
Slovak Republic,SVK,1979,50.9623804993905
Slovak Republic,SVK,1978,50.002680450463
Slovak Republic,SVK,1977,48.9247478139644
Slovak Republic,SVK,1976,47.7638503355591
Slovak Republic,SVK,1975,46.5552557609114
Slovak Republic,SVK,1974,45.3342318356853
Slovak Republic,SVK,1973,44.1360463055453
Slovak Republic,SVK,1972,42.9959669161556
Slovak Republic,SVK,1971,41.9492614131804
Slovak Republic,SVK,1970,41.0108238145688
Slovak Republic,SVK,1969,40.1010530780789
Slovak Republic,SVK,1968,39.1883624365927
Slovak Republic,SVK,1967,38.2901518435776
Slovak Republic,SVK,1966,37.4182145857674
Slovak Republic,SVK,1965,36.5843439498957
Slovak Republic,SVK,1964,35.8003332226964
Slovak Republic,SVK,1963,35.0779756909031
Slovak Republic,SVK,1962,34.4290646412497
Slovak Republic,SVK,1961,33.8706957980902
Slovak Republic,SVK,1960,33.377498555932
Slovenia,SVN,2024,55.7577708405917
Slovenia,SVN,2023,55.5378927789875
Slovenia,SVN,2022,55.3377817873563
Slovenia,SVN,2021,55.3046289429588
Slovenia,SVN,2020,55.384391784668
Slovenia,SVN,2019,55.4523277282715
Slovenia,SVN,2018,55.1913430955675
Slovenia,SVN,2017,55.2451133728027
Slovenia,SVN,2016,53.647274017334
Slovenia,SVN,2015,53.6612160294144
Slovenia,SVN,2014,50.983470916748
Slovenia,SVN,2013,50.0466580754027
Slovenia,SVN,2012,49.7619476318359
Slovenia,SVN,2011,49.9463818748723
Slovenia,SVN,2010,50.1194862794826
Slovenia,SVN,2009,50.2439782050416
Slovenia,SVN,2008,50.3620036820409
Slovenia,SVN,2007,50.4707127083144
Slovenia,SVN,2006,50.5672552816963
Slovenia,SVN,2005,50.648781400021
Slovenia,SVN,2004,50.7124410611224
Slovenia,SVN,2003,50.7553842628349
Slovenia,SVN,2002,50.7744556266555
Slovenia,SVN,2001,50.7597503536323
Slovenia,SVN,2000,50.6975029797519
Slovenia,SVN,1999,50.6024207997953
Slovenia,SVN,1998,50.4899621472228
Slovenia,SVN,1997,50.3755853554947
Slovenia,SVN,1996,50.2747487580715
Slovenia,SVN,1995,50.2029106884133
Slovenia,SVN,1994,50.1755294799805
Slovenia,SVN,1993,50.3572006225586
Slovenia,SVN,1992,50.6631317138672
Slovenia,SVN,1991,50.527096993728
Slovenia,SVN,1990,50.5835609436035
Slovenia,SVN,1989,50.2635307312012
Slovenia,SVN,1988,50.9702072143555
Slovenia,SVN,1987,50.9153403312178
Slovenia,SVN,1986,50.7606378645542
Slovenia,SVN,1985,50.5209470884892
Slovenia,SVN,1984,50.2111152771469
Slovenia,SVN,1983,49.8459897046519
Slovenia,SVN,1982,49.4404176451283
Slovenia,SVN,1981,49.0169271538591
Slovenia,SVN,1980,48.4873931009815
Slovenia,SVN,1979,47.712892149263
Slovenia,SVN,1978,46.7254762139777
Slovenia,SVN,1977,45.5739353254531
Slovenia,SVN,1976,44.3070595140163
Slovenia,SVN,1975,42.9736388099945
Slovenia,SVN,1974,41.6224632437151
Slovenia,SVN,1973,40.3023228455052
Slovenia,SVN,1972,39.0620076456922
Slovenia,SVN,1971,37.957014862417
Slovenia,SVN,1970,36.9700063656376
Slovenia,SVN,1969,36.0302148906893
Slovenia,SVN,1968,35.1206944379592
Slovenia,SVN,1967,34.2356587212268
Slovenia,SVN,1966,33.3693214542715
Slovenia,SVN,1965,32.5158963508726
Slovenia,SVN,1964,31.6695971248095
Slovenia,SVN,1963,30.8246374898615
Slovenia,SVN,1962,29.9752311598082
Slovenia,SVN,1961,29.114767279637
Slovenia,SVN,1960,28.2459014205798
Sweden,SWE,2024,88.8559748346228
Sweden,SWE,2023,88.631216160938
Sweden,SWE,2022,88.4038576504809
Sweden,SWE,2021,88.1741651958315
Sweden,SWE,2020,87.9424046895699
Sweden,SWE,2019,87.7088420242759
Sweden,SWE,2018,87.4737430925296
Sweden,SWE,2017,87.237373786911
Sweden,SWE,2016,87.0
Sweden,SWE,2015,86.6158654081858
Sweden,SWE,2014,86.2563838747314
Sweden,SWE,2013,85.9249771259894
Sweden,SWE,2012,85.6250668883122
Sweden,SWE,2011,85.3600748880524
Sweden,SWE,2010,85.1334228515625
Sweden,SWE,2009,84.9341031919813
Sweden,SWE,2008,84.7517366727063
Sweden,SWE,2007,84.5906875454778
Sweden,SWE,2006,84.4553200620359
Sweden,SWE,2005,84.3499984741211
Sweden,SWE,2004,84.2670710494849
Sweden,SWE,2003,84.1954289653543
Sweden,SWE,2002,84.1342508376823
Sweden,SWE,2001,84.0827152824223
Sweden,SWE,2000,84.0400009155273
Sweden,SWE,1999,84.00779688509
Sweden,SWE,1998,83.9840819295031
Sweden,SWE,1997,83.96246905017
Sweden,SWE,1996,83.9365712484942
Sweden,SWE,1995,83.9000015258789
Sweden,SWE,1994,83.8312298868944
Sweden,SWE,1993,83.7269008050895
Sweden,SWE,1992,83.6078889853357
Sweden,SWE,1991,83.4950691325043
Sweden,SWE,1990,83.4041730411294
Sweden,SWE,1989,83.3183773224841
Sweden,SWE,1988,83.2321207888848
Sweden,SWE,1987,83.1592581308537
Sweden,SWE,1986,83.111717825664
Sweden,SWE,1985,83.098679811213
Sweden,SWE,1984,83.0966927900602
Sweden,SWE,1983,83.095487090311
Sweden,SWE,1982,83.0944598230235
Sweden,SWE,1981,83.0927983883441
Sweden,SWE,1980,83.0882867174939
Sweden,SWE,1979,83.0565715889195
Sweden,SWE,1978,82.9905429060001
Sweden,SWE,1977,82.8988670650371
Sweden,SWE,1976,82.7897023826296
Sweden,SWE,1975,82.6647545470579
Sweden,SWE,1974,82.4984771597006
Sweden,SWE,1973,82.2714823512026
Sweden,SWE,1972,81.9892543928674
Sweden,SWE,1971,81.6540963032829
Sweden,SWE,1970,81.2420904958891
Sweden,SWE,1969,80.6431673329191
Sweden,SWE,1968,79.8433134789156
Sweden,SWE,1967,78.9370890987311
Sweden,SWE,1966,78.0065281470108
Sweden,SWE,1965,77.1144815966842
Sweden,SWE,1964,76.2063302365149
Sweden,SWE,1963,75.2509219454679
Sweden,SWE,1962,74.2884260082654
Sweden,SWE,1961,73.3512656787098
Sweden,SWE,1960,72.468357448982
